cornyield_smooth1960,cornyield_smooth2000
28.4,52.599998
40.400002,
27,
29.6,
31,95.199997
24.4,
28.6,47.799999
29.799999,
22.799999,
30.6,83.199997
29,
27,
27.4,
23.799999,
25.6,
26.6,
28.4,113.4
28.200001,
25.4,
27.200001,
27.200001,
32,97.599998
27.799999,54.799999
27,73
32.599998,91.199997
27.799999,71.199997
32.200001,
31,
28.200001,72.599998
27.200001,
29.200001,
23.799999,
24.200001,
29,
29.4,
33.200001,
31,
25.4,
28,96.599998
27.799999,111.2
23.6,
37.400002,104.4
24.4,64.800003
22.6,
29,99.400002
23.799999,
26.799999,
32.200001,88.599998
34.799999,78.599998
30,
25.200001,
28.200001,94.800003
27,
24.200001,
26,77.599998
24.4,
22.799999,
26,
26.799999,
22.799999,
24.4,
23.4,
26.200001,81
28.799999,
30,56
26,
28.6,
,
,198.2
,
,
,186.42
,
,
,172.94
,
,
,
,177.2
,
,
,190.95999
,
,
,
,
,
,
,
,
,
,
,132.88
,
,
,
,
,114.2
,
,
,
,
,
,
,
,
,
,
,
,124.88
,
,
,
,123.8
,
,142.48
,
,
,
,
,
,
,
,
,
,
,
,90.019997
,136.88
,144.60001
,
,
,
,
,
,
,
,
,
,
,
,
,136.25999
,
,
,
,
,
,
,
,
,
,
,
,
,130.06
,
,
,
,
,
,
,147.89999
,134.8
,
,
,162.66
,196.25999
,
,179.53999
,
,163.94
,174.84
,
,
,
,172.16
,
,
,
,172.36
,
,
,
,
,
,
,
,
,146.62
,156.86
,
,0
,
,163.45999
,
,
,0
,
,
,
,
,
,169.82001
,
,138.8
,174.32001
,175.42
,180.82001
,
,
,178.48
,
,104.4
,
,76.5
,
,163.3
,142.89999
,131.39999
,
,108.2
,
,
,115.7
,
,168.7
,
,
,
,
,48
,
,
,
,
,
,
,
,
,61.400002
,121.2
,
,
,135.8
,
,80.699997
,122.4
,145.3
,
,
,161.5
,160
,155.60001
,
,
,127.4
,
,150.39999
,176
,
,
,
,
,
,124
,
,103.9
,156.8
,173
,
,
,
,
,
,
,
,
59.5,117.5
64.580002,86.980003
58.759998,121.44
,72.260002
,
,
,
,
,
,84.339996
,
,
,
,
,70.279999
,
,
,
,83.479996
,
,81.199997
,69.400002
,
,
,90.519997
,
,
,
,
,
,86.559998
,
,98.919998
,73.82
,80.959999
,
,
,
,68.5
,
,73.720001
,
,
,
,
,
,78.800003
,
,
,
,
,
,
,
,
,
,73.519997
,
,
,
,84.379997
,
,
,
,
,82.260002
,85.260002
29.76,52.5
34.119999,92.519997
31.6,68.860001
28.1,163.12
24.58,
23.559999,
22.48,
29.559999,105.58
30.799999,107.26
34.200001,87.800003
32.580002,
27.559999,117.18
35.119999,56.200001
32,96.639999
36.200001,57.200001
34.540001,66.760002
26.120001,89.360001
26.139999,
35.239998,145.46001
31.459999,
26.719999,
27.42,
40.720001,
27.799999,
28.699999,
17.440001,
28.92,72.139999
32.82,
28.6,
32.82,
22.24,
31.440001,
25.379999,
33.560001,106.4
35.82,105.1
19.76,
33.16,75.339996
28.879999,
24.68,
29.699999,78.800003
33.48,
33.380001,
32.200001,131.24001
27.040001,
23.92,100.54
27.780001,78.400002
29.860001,155.44
24.66,
35.860001,138.8
29.58,
28.280001,62.299999
23.219999,
25.68,73
37.040001,69
41.599998,
26.779999,
31.719999,89.699997
28.540001,
25.92,
28.68,
40.16,
20.780001,
22.84,
29.74,106.46
36.18,89.379997
18.960001,
25.299999,
34.84,
27.5,
19.280001,
22.9,
21.040001,
25.940001,
25.360001,
27.68,
37.34,114.78
34.200001,98.620003
24.360001,
27.059999,
29.84,97.800003
27.08,163.66
26.9,91
21.620001,89
23.059999,
29.32,
31.799999,72.260002
27.299999,87.959999
33.720001,138.5
25.92,
20.68,
31.300001,
29.640001,63.299999
39.959999,
20.459999,
27,
31.98,97.599998
24.719999,
22.860001,70.68
28.440001,
28.559999,140.60001
32.759998,156.8
25.08,
24.76,57.66
24.280001,
32.16,
22.960001,
26.42,
24.92,
23.540001,
22.58,
42.260002,
35.540001,
34.299999,109.48
28.559999,
27.42,
26.940001,
19.879999,
27.780001,
30.440001,127.22
22.24,
25.219999,
30.42,
32,89.440002
31.139999,168
32.299999,
30.02,
26.66,71.599998
35.5,102.12
20.960001,
16.18,
34.540001,91.419998
29.799999,72.400002
21.379999,112.6
35.739998,129.62
36.739998,74.779999
33.18,112.6
32.860001,95.260002
20.84,
24.879999,
25.58,116.48
23.42,
45.720001,
23.700001,
33.419998,100.4
26.58,
38.540001,54.860001
23.299999,
26.5,109.1
39.32,66.5
23.960001,
24.459999,
37.48,94.059998
29.380001,
26,116.2
22.84,
18.76,
29.58,100.84
,154.10001
,
,
,
,
,
,
,
,
,
,
,
,
,165.73999
,
,156.02
,
,
,
,149.78
,144.60001
,
,152.28
,149.02
,
,
,138.03999
,
,
,
,
,162.14
,
,
,
,
,151.98
,164
,
,
,
,144.95999
,
,
68.400002,144.60001
48,122.8
57.200001,115.8
79.199997,145.39999
61.599998,141.39999
81.800003,156.60001
66.199997,123.4
81.599998,162.8
78,154.2
78.599998,149.2
82,155.60001
66.400002,134.60001
49,111
55,123.2
75.599998,150.2
63.799999,115
59.799999,123.2
67,132.39999
79,154.2
81.599998,153.39999
80.199997,141.8
70.400002,126.6
75.400002,144.2
60.599998,116.8
57.799999,121
58.799999,120.8
72.599998,142.60001
47.599998,96
72.199997,150.2
55,125.2
69.199997,138.39999
71.400002,141.2
46,109.4
71.800003,146.8
42.400002,112
77.800003,153.8
77,154
74.599998,151.2
50.799999,107
61.599998,121
51.200001,106.2
68,138.60001
73.800003,148.39999
40,107
78.400002,146.39999
76.599998,137.60001
75.400002,138.2
76,159
63.400002,105.2
78.599998,147.60001
55.400002,123.2
81.800003,159
76.599998,139.39999
84.199997,154.8
78.199997,160.2
70.800003,132.8
84.800003,153.39999
88.199997,158.60001
71.400002,145
63.200001,135
50.200001,118
78.400002,152.39999
71.199997,141.60001
48,106.8
74.199997,155.39999
74.599998,154.60001
62.599998,121.2
71.599998,141.39999
76.800003,156
79.199997,154.60001
78,154.60001
74.599998,156.60001
44,91.800003
88.599998,155.39999
69,144.8
41,91.199997
49.799999,116
77.400002,155.39999
51.400002,108.2
52.799999,111
72.599998,153.39999
62.599998,127.6
53.200001,102.6
78,156.60001
68.800003,146.60001
70.199997,141.39999
71.800003,136.8
79.400002,159.39999
80.400002,148.60001
78.800003,154
55.200001,114.4
77,145.60001
61.599998,125.4
80.400002,161.39999
55.200001,114.6
48,112.8
60.200001,119.4
81,147
67.800003,131.60001
40.599998,89
77.199997,135.2
82.400002,157.39999
64.82,128.25999
69.459999,133.58
65.260002,132.88
80.779999,148.7
62.739998,134.98
72.639999,145.78
56.48,
79.099998,153.53999
74.299995,148.46001
58.98,120.8
71.800003,141.34
79.760002,157.08
50.920002,
71.540001,144.14
58.599998,116.56
75.639999,146.02
68.540001,126.24
71.300003,144.34
63.639999,131.98
66.900002,130.56
69.619995,135.75999
52.459999,
70.779999,142.89999
68.18,126.04
65.980003,129.52
66.5,139.92
72.18,137.67999
60.48,131.53999
70.860001,139.75999
68.879997,138.2
61.459999,115.38
75.32,146.45999
73.300003,141.74001
80.099998,151.68001
66.5,128.17999
60.18,120.46
76.18,146.78
58.619999,124.68
61.939999,120.82
59.700001,127.64
68.160004,136.16
61.740002,142.06
68.260002,136.54001
65.440002,111.4
73.559998,133.66
75.019997,131.48
61,112.94
74.32,148.53999
63.98,139.22
67.68,136.94
55.939999,122.8
75.440002,134.2
57.559998,128.34
74,148.22
63.419998,140.12
78.779999,153.51999
66.720001,127.26
60.639999,
63.139999,124.52
59.32,130.53999
71.379997,136.14
53.459999,107.98
60.16,127.34
77.639999,133.58
62.900002,145.3
68.739998,134.18001
70.419998,147.22
64.599998,134.3
63.18,124.5
70.459999,144.48
68.040001,129.42
56.880001,133.16
66.760002,138.06
54.200001,117.52
68.279999,125.08
65.080002,117.52
61.5,140.68001
55.720001,
78.919998,146.06
83.020004,153.38
79.340004,145.39999
60.84,139.2
71.639999,143.46001
64.919998,131.38
71.660004,131.39999
75.879997,142.16
53.32,121.04
60.119999,114.64
71.459999,132.82001
67.900002,134.28
77.580002,155.04001
64.120003,127.8
66.660004,139.08
63.799999,131.68001
68.800003,152.25999
57.18,124.07999
72.5,137.10001
79.82,158.24001
75.159996,156.5
74.559998,156.34
69.68,163.38
68.379997,157.96001
73.440002,151.8
67.839996,154.34
73.959999,147.78
75.400002,145.36
69.979996,134.74001
80.540001,166.7
68.080002,151.03999
70.879997,152.82001
62.619999,151.94
54.98,120.16
65.660004,149.68001
65.160004,156.03999
79.059998,160.62
71.199997,145.2
72.300003,147.89999
55.900002,133.58
48.82,121.86
69.660004,161.42
78.919998,145.48
56.639999,145.56
72.559998,158.03999
64.919998,148.89999
64.5,158
70.239998,155.98
74.360001,153.32001
65.559998,129.38
73.919998,149.03999
80.980003,153.28
68.019997,137.7
75.419998,160.74001
65.620003,152.17999
76.900002,156.42
68.099998,139.58
69.519997,141.78
53.900002,148.16
73.860001,151.36
74.099998,148.56
72.479996,151.53999
72.980003,149.39999
72.739998,157.34
61.200001,125.66
71.360001,150.08
77,159.62
67.739998,138.92
69.059998,151.64
65.540001,133.78
71.080002,155.92
70.019997,138.86
54.279999,124.06
56.879997,154.64
69.419998,141.58
69.699997,146.39999
65.620003,142.38
78.199997,156.81999
66.199997,125.98
67.220001,157.39999
63.920002,132.64
52.299999,126.48
66.599998,136.7
71.620003,151.78
68.559998,156.66
61.66,149.16
63.619999,123.86
63.84,150.34
60.52,149.14
70.260002,150.5
71.740005,158.56
69.080002,139.28
73.379997,153.86
52.559998,122.5
75.139999,151.42
78.699997,171.06
76.720001,139.04001
64.5,162.12
75.760002,159.3
78.5,155.74001
55.880001,123.4
59.059998,135.3
61.799999,119.66
62.52,132.8
63.220001,142.22
70.459999,147.60001
53.560001,119.94
72.599998,156.58
68.800003,150
62.439999,151.98
63.079998,137.59999
65.279999,151.3
71.660004,151.46001
46.799999,94.599998
50.599998,87
45.799999,99.400002
28.200001,113.8
28.4,134.8
44,85
58.400002,113.2
44.400002,93.400002
51.400002,87.199997
43.599998,86.199997
40.200001,103.4
38.200001,133.60001
35.200001,152
44,124.2
47.400002,123.2
45.799999,85
21.4,
47.200001,80.599998
44,98
30.4,85.400002
33.599998,102.2
59.599998,131.39999
53,101.2
32.200001,159
42.599998,100.4
24.4,74
34.799999,79
71,173.39999
39.200001,166.2
44.400002,83.400002
45.400002,110.6
36.400002,95.400002
32.400002,96.800003
81.199997,165.39999
63,186.39999
64,95
43,97.599998
52.599998,122.8
31.200001,
34.599998,136.39999
71.800003,188
35.400002,125
42,94.599998
45.599998,102.6
44.799999,112
50.599998,89
59.200001,154.8
31.4,138
31,145.39999
39.599998,94.400002
65.599998,118
51,89.199997
38,74.199997
46.599998,85.599998
53,94
42,78
42.599998,136
32.400002,77.199997
42.799999,95.800003
66.199997,188.39999
45.400002,85
39.799999,96.400002
42,87
39.400002,76.199997
53,146.2
44,95.199997
42.200001,98.199997
28.200001,80.800003
27.799999,92.599998
43.799999,82.400002
48,113
37.799999,98
45,146
37.599998,77.599998
46.200001,112.2
31,153
33,90.400002
33.599998,136
44.400002,114.2
33,120.4
45,99
37.400002,79.800003
49.599998,105.4
33,56.599998
40.200001,93.599998
75.400002,130.2
42.400002,138.39999
72.599998,171.8
55.200001,120.4
44,145.60001
56.599998,148.60001
39.799999,95.800003
28.4,133.8
67.800003,164.39999
62.799999,173.60001
37.400002,79.800003
38.799999,142.8
29,95.199997
46.200001,87.400002
39.799999,126
44,89.599998
71.800003,140.8
43.200001,96.400002
43.400002,93.199997
54.200001,90
44.400002,89.800003
43.5,95.800003
50.119999,
46.799999,119.8
47.400002,111.2
52.799999,114.4
42.540001,
55.220001,118.4
65.199997,88.400002
51.380001,
55.559998,80
62.619999,
48.200001,97.400002
53.119999,100.4
42.599998,121.6
48,114
45,112.4
50,
47.400002,124.6
58.380001,111.6
43.02,
46.099998,103.2
55.599998,123
61.700001,100.8
41.82,
43.66,105
43.299999,115
43.599998,103.4
55,123.6
42.700001,93.400002
44.119999,
47.040001,85.800003
65.639999,98.400002
61.700001,96.599998
59.16,90.599998
53.5,130
50.380001,
55.82,92.400002
48.799999,
45,121
42.900002,88.800003
48.099998,103
44.52,85.199997
48.48,124.2
57.799999,112
39.799999,
59.299999,107.2
53.299999,97.599998
53.599998,122.8
59.200001,99.199997
54,122.2
49,112
42.279999,
59.119999,109.4
55.700001,91.599998
49.580002,
40.98,103.4
54.200001,116.6
43.5,102.8
44.119999,
44.52,
49.739998,95
56.5,112.2
43.200001,110.6
51.5,127.6
43.099998,112.8
43.200001,108.6
38.66,
51,125.4
54.700001,108.8
43.119999,
56.200001,128.2
39.799999,107
35.66,
65.419998,94.400002
51.400002,107.8
41.119999,
55.799999,95.400002
45,101
43.299999,97.800003
56.439999,90.800003
48.080002,
42.599998,103
55.700001,117.4
51.68,
42.700001,128.39999
59.48,123.4
55.639999,
44.559998,
52.02,105.8
37.760002,
45.239998,
46.200001,113
51.5,
48.080002,104.8
43.299999,
43.68,113.4
55.599998,94.800003
60.5,113.8
53.900002,119.8
58.419998,103
54.700001,114
55.299999,125.4
49.099998,124.2
57.959999,
63.599998,132.60001
50.900002,126.6
52.900002,105.2
49.5,128.8
52.299999,117
37.760002,107
44.52,
55.52,107.8
,
,
,
,
,105.78
,
,
,
,111.36
,
,
,
,110.94
,
,102.02
,
,
,129.46001
,
,
,129.42
,
,
,
,
,
,
,
,
,
,
,119.14
,135.25999
,107.66
,
,
,
,127.68
,119.3
,
,117.4
,
,
,
,
,
,109.82
,
,
,
,
,118.2
,
,
,
,
,
,
,
,123.54
,
,
,
,
,
,
,
,
,
,
,
,
,
,
,
,
,
,
43.84,
55.119999,109.7
63.34,120.08
45,99.019997
56.040001,129.22
62.880001,108.96
64.339996,112.06
48.799999,95.139999
61.060001,123.8
62.68,97.919998
50.780003,
68.239998,111.02
66.779999,100.28
65.639999,115.02
56.919998,99.139999
46.459999,94.32
60.560001,128.14
48.880001,96
55.599998,131.42
61.779999,108.54
56.220001,91.699997
52.299999,110.44
56.380001,119.6
,
,
,
,
,
,
,
,
,
,
,
,
52.98,120.6
,84.599998
,
45.34,110
,
50.959999,120
63.060001,125
,
64.300003,120.8
64.300003,122.6
62.200001,112.4
60.599998,107
,
,
,
50.880001,
55.380001,115.6
,
,
,
61.52,128.8
,
53.259998,99.800003
46.18,
,
47.040001,85.400002
66.220001,120.2
62.380001,112.2
,
59.900002,128.39999
65.860001,122.2
55.139999,129.2
41.66,
,
52.66,110.2
59.080002,107.4
53.68,112
,
48.779999,117
,
36.5,
54.579998,115.2
,
76.779999,126.4
55.559998,109.4
,
,
51.560001,115.4
,
,
47.259998,
47.099998,109.4
,
53.48,123.6
48.380001,117.6
72.139999,130.2
60.619999,110.2
,
49.18,97
45.439999,102.6
53.700001,
45.060001,
42.66,111.6
,
43.580002,
,
,
48.599998,112.2
,
,
62.52,123.2
49.060001,110.8
60.740002,120.6
53.599998,127.8
,
63.759998,107.4
63.860001,123
46.02,107
61.619999,111.2
65.459999,
,
,
52.599998,111.6
,104.8
,97.199997
,117.4
39.200001,140.2
65.199997,152.8
63.599998,151.60001
,
67.599998,156.2
,104.8
51,157.60001
57.200001,120
40.400002,119
,102.8
54.400002,146.60001
,101.4
62.599998,150.8
62.799999,158.39999
45.599998,132.2
68.800003,150.39999
66.800003,153
66.400002,150.8
69,158.60001
44.400002,149.39999
62.599998,139.39999
72.599998,150
,130.8
52,118.6
,
60.599998,143.60001
,119.4
54.599998,155.2
,92
,
45.400002,140.8
,
,
65.400002,149.8
42.799999,136.39999
49.599998,144
67.400002,156.60001
,113
,93
65.599998,153.39999
57.599998,142
,117.6
,118.6
59.599998,152.39999
52.599998,142.39999
65.599998,158
55.200001,137.60001
,106.8
65.400002,157
38.799999,131
,104.4
,111.4
41.400002,137.2
,108.2
42.599998,152.2
,
,104.8
56,151.39999
58,160
68.400002,151.39999
50,147.2
,88.800003
,
66,149.60001
43.599998,122.6
66.199997,161
44.799999,134.8
65.199997,153.2
43.799999,154.39999
45.599998,153.60001
,114.8
37.599998,150.2
69.599998,161.2
33.799999,110.6
69,154
61,143.39999
61.599998,153.60001
36.200001,124.4
70.800003,158.39999
60,137.8
52,144.39999
28.32,
34,100.16
29.42,
28.779999,
33.799999,92.980003
31.9,138.72
31.5,91.919998
29,99.019997
25.940001,83.68
30.360001,
39.98,116.86
25,
25.66,91.68
40.279999,125.48
34.16,
29.440001,
36.18,110.4
30.52,
31.559999,
31.18,
27.620001,
31.18,97.160004
36.34,
35.639999,
30.92,106.02
33.34,115.74
33.66,127.66
46.119999,127.7
32.459999,75.599998
32.68,
28.18,
31.799999,
30.360001,
31.200001,
24.860001,
31,94.099998
29.540001,
28.48,
29.84,
26.440001,
30.040001,77.099998
32.18,127.08
31.26,
24.440001,97.779999
28.639999,110.14
29.74,
33.220001,89.860001
26.719999,86.300003
29,94.040001
26.960001,
26.9,
23.74,110.16
26.119999,
38.740002,103.1
34.98,
29.82,
29.559999,
33.700001,
34.32,
35.52,116.66
27.98,104.52
26.18,94.720001
43.040001,127.26
30.58,
31.620001,
31,
33.220001,128.98
33.939999,126.36
37.579998,97.5
33.34,93.459999
29.74,
35.299999,116.5
30.860001,89.760002
30.860001,
41.299999,127.06
42.139999,131.36
27.639999,
30.42,87.660004
29.08,
26.780001,
32.220001,99.659996
33.52,122.84
53,112.74
60.360001,114.68
64.440002,121.68
57.780003,110
47.5,107.3
45.299999,129.10001
51.919998,107.32
46.919998,100.76
43.079998,106.32
56.68,111.14
56.439999,124.16
35.900002,123.14
52.939999,109.18
54.82,109.9
39.18,
54.959999,120.08
65.379997,128.89999
41.119999,
53.700001,106.04
46.16,104.88
61.279999,123.08
44.98,
59.900002,114.08
56.18,121.02
50.939999,113.96
51.380001,101.12
56.639999,108.38
45.419998,
47.52,123.84
39.579998,
55.02,100.92
53.68,102.82
39.68,
43.799999,
49.759998,135.92
51.600002,112.32
55.32,99.540001
56.360001,103.36
48.700001,85.419998
53.779999,112.84
56.759998,111.3
49.400002,88.879997
39.259998,
64.479996,128.88
58.68,125.25999
40.060001,
41.18,
60.060001,117.64
49.540001,122.08
49.899998,91.599998
52.260002,96.860001
59.66,105.72
40.259998,
61.880001,125.56
47.919998,111.28
60.84,107.52
57.900002,108.66
57.900002,105.56
55.299999,114.42
47.48,
57.439999,108.36
39.799999,
37.639999,86.120003
59.560001,120.94
51.439999,115.08
48.52,96.459999
70.779999,147.5
49.240002,99.339996
56.299999,107.7
57.919998,105.6
46.560001,93.540001
59.880001,142.5
45.639999,96.519997
54.200001,109.46
38.939999,
56.220001,113.94
35.220001,
56,131.72
57.419998,121.52
52.02,100.38
41.139999,
59.799999,114.3
56.860001,122.04
45.5,90.599998
43.5,
49.5,107.22
57.400002,113.14
53.639999,104.88
57.540001,122.46
41.68,
35.34,109.86
61.539997,126.98
45.939999,94.220001
,126.34
47.759998,106.54
60.66,125.1
67.720001,131.44
55.360001,110.34
55.48,113.94
59.420002,144.01999
39.959999,
62.240002,108.68
56.639999,138.82001
39.139999,
50.260002,104.48
41.540001,
38.560001,
48.779999,99.860001
61.560001,108.62
42.419998,
38.880001,103.5
40.419998,
57.560001,106.36
44.060001,
68.239998,154.81999
44.279999,139.39999
,128.28
27.68,92.019997
32.860001,136.3
48.080002,138.39999
45.98,136.48
28.98,84.599998
32.48,148
60.84,158.02
60.060001,128.38
55.799999,128.7
54.899998,108.68
45.720001,120.62
27.92,165.38
15.860001,149.74001
42.599998,118.8
70.620003,154.92
53.200001,133.56
57.639999,128.08
41.52,145.01999
52.279999,132.17999
20.52,109.1
71.620003,161.46001
59.32,104.2
46.200001,121.56
58.740002,133.42
58.100002,128.82001
24,151.64
61.98,150.02
59.220001,149.42
27.58,126.9
51.119999,117.82
44.02,110.88
54.399998,118.96
46.900002,135.44
55.48,151.42
,
41.959999,134.75999
71.82,157.14
74.400002,163.60001
47.380001,139
21.02,130.92
46.420002,115.3
36.52,152.72
,
43.740002,139.94
43.540001,121.62
46.260002,98.639999
69.260002,163.89999
61.079998,138
25.6,110.22
42.060001,89.440002
42.580002,111.14
46.299999,105.86
47.16,154.22
27.440001,134.92
44.18,129.54001
15.66,140.48
47.419998,120.36
65.159996,146.03999
57.84,145.72
45.700001,127.84
52.540001,99.599998
59.540001,129.58
46.899998,94.440002
43.34,92.199997
25.84,137.8
66.82,170.7
47.220001,129.72
51.799999,137.42
66.040001,142.75999
44.580002,119.98
52.560001,107.8
27.440001,153.7
50.080002,126.68
58.68,108.4
53.860001,128.7
67.779999,137.48
55.48,129.28
26.299999,129.78
40.060001,145.24001
56.040001,142.3
50.82,122.44
64.559998,140.62
17.280001,
51.900002,125.96
47.02,141.3
61.079998,126.38
51.060001,121.58
46,130.16
37.779999,139.58
66.68,157.98001
,
,
,
,
,
,
,
,
,
,
,
,90.300003
,
,
,94.32
,78.639999
,83.840004
,81.900002
,91.440002
,89.760002
,84.260002
,
,92.739998
,69.5
,77.300003
,88.639999
,92
,104.4
,101.4
,102.6
,107.8
,101.8
,93.599998
,103.4
,113.4
,96.400002
,96
,91.400002
,99
,103.8
,86
,108.2
,100.2
,105.8
,90
,103.6
,106
,105.2
,106.6
,102.6
,103.8
,98.599998
,100.2
,101.6
,102.8
,102.4
,87.800003
,107
,96.599998
,99.599998
,
,99.800003
,95.800003
,104.8
,78.800003
,109
,101.8
,99.800003
,96.599998
,113.4
,84.199997
,93
,93
,95.199997
,
,104.4
,103.4
,
,111.4
,99.599998
45.599998,70.800003
44.200001,59.200001
58.799999,
35.200001,78.400002
61.799999,
57,
54.799999,108.6
55.599998,92.599998
41,87
38.400002,79.400002
51.599998,
49.599998,78.400002
34.799999,69.800003
47.400002,81.599998
70.400002,121.2
48.599998,112.2
37.200001,64.199997
38.599998,77.400002
44.200001,77
44.799999,95.599998
54.599998,110.4
51.799999,
37.599998,62.400002
48.599998,82
43,89.800003
37.599998,
72.800003,122
44.799999,74.199997
42,79.599998
48.400002,90.199997
44.400002,
49,79.400002
39.400002,71.400002
39.799999,80.599998
37,
51.599998,86.199997
36.200001,71.199997
50,91.800003
40.400002,65.800003
49.799999,73.599998
44.599998,74.400002
52,
53.200001,106
54.400002,92
42.200001,70.199997
60.799999,118.8
39.599998,85.400002
46.200001,74
47.400002,97.400002
41.599998,72.599998
50.799999,100.8
39.400002,66.800003
46.799999,
53,
55.200001,81
35,67.400002
55.599998,
34.400002,
34.200001,70.800003
50.200001,74.199997
43.599998,
48.200001,80
46.799999,98.599998
43.599998,73.800003
50.599998,105.6
66.800003,121
45.200001,86.199997
67.599998,112.6
35.799999,76.199997
50,82.599998
38.200001,
42.799999,75.599998
32.400002,69.400002
39.400002,80
36.200001,76.599998
42.200001,78
39.400002,
48.799999,83.400002
39.200001,63.200001
41.200001,82
37.799999,74.599998
46,90.199997
47.799999,
55.599998,96.199997
52.599998,123.4
38.200001,83.800003
37.200001,
42.400002,
36.200001,74.199997
58.799999,113
62.400002,
50.799999,89.599998
44.799999,94.599998
54,84.400002
43.200001,94.199997
55.200001,
15.5,57.759998
25.4,112.5
24.799999,79.599998
14.2,
,73.660004
17,51.439999
,
14.8,84.839996
30.9,119.18
,
24,122.93999
,
19.4,78.239998
,
17.799999,94.239998
28.4,95.099998
,67.82
39.599998,100.72
14.6,
29.799999,103.58
14.8,62.02
20.9,132
25,118.2
21.799999,85.959999
22.799999,86.5
21.4,90.099998
22,89.379997
,89.220001
17.799999,108.04
14.2,91.059998
,57.799999
23,95.260002
20.200001,95.779999
33.200001,102.76
,86.120003
23.4,90.620003
27.799999,122.02
,61.760002
32.400002,125
,60.02
28,122.88
,
15,
15.2,
18,62.380001
27.6,113.5
25,97.839996
,
31.799999,118.24
37.599998,102.2
,78.400002
28.4,78.620003
,
60.799999,99.860001
63.200001,132.24001
66.900002,110.22
59.5,114.18
58.739998,119.56
64.199997,127.78
56.419998,
55.200001,117.62
64,114.92
54.5,95.699997
71.800003,135.58
75.599998,136.64
50.099998,105.56
73.900002,139.36
59.200001,108.5
71,115.82
66.699997,136.44
54.84,
70.099998,138.22
65.599998,136.08
67.099998,125.4
76.099998,129.95999
69.699997,126.78
71.800003,129.48
64.300003,115.88
77.699997,135.89999
58,102.46
62.419998,104.9
76.099998,129.25999
58,109.3
64.720001,119.46
70,125.93999
69.800003,132.89999
55.18,84.080002
77.699997,141.7
68.300003,125.25999
62,115.6
71.800003,111.14
68.800003,124.44
58.619999,91.839996
58.139999,
66.599998,119.74
59.759998,
55.080002,101.18
68.099998,126.08
63.700001,133.04001
63.900002,119.02
75.800003,139.56
69.900002,133.32001
63.099998,110.6
68,132.64
66.699997,106.48
53.119999,109.6
64.199997,133.86
69.199997,138.64
56.220001,109.98
65.800003,134.38
58.18,107.7
60.400002,125.5
62.299999,113.92
54.599998,90.260002
67.5,120.56
66.599998,124.78
60.200001,128.48
71.400002,116.56
62.900002,103.92
61.48,108.8
67.099998,138.44
70.199997,131.2
63,120.76
68.900002,126.08
75.400002,136.42
60.299999,108.9
69.800003,126.92
62.900002,137.58
63.700001,103.48
58.5,109.88
60.400002,121.68
65.099998,98.559998
63.599998,136.2
67.800003,133.89999
56.68,99.099998
63.5,129.8
58.200001,107.26
78,117.08
64.5,122.5
73.400002,130.75999
69.099998,124.66
34.139999,
26.200001,102.08
24.799999,
27.08,151.34
35.98,
26.76,
32.400002,91.360001
30.68,78.559998
41.66,
27.4,
31.059999,
25.299999,94.059998
28.620001,159.03999
40.82,
30.700001,
30.32,76.980003
36.599998,
33.139999,74.82
31.92,
34.080002,78.860001
37.02,
,
21.82,142.38
,
47.360001,99.520004
40.52,
28.200001,
,
25.280001,
,152.34
33.099998,97.059998
33.52,100.48
29.1,
25.1,
36,
40.900002,89.959999
31.4,
30.26,
24.24,
28.799999,83.400002
32.200001,
30.5,
26.700001,
40.84,93.300003
29.76,73.639999
32.68,
25.219999,132
29.799999,
31.200001,70.720001
32.84,
27.52,120.92
38.380001,
33.099998,81.559998
25.58,81.879997
42.18,104.56
24.68,94.860001
36.48,
35.900002,84.199997
36.779999,
30.379999,
29.1,
34.5,
41.400002,98.080002
27.700001,
25.68,
28.82,
27.24,
29.48,109.08
29.620001,
56.18,169.02
25.02,56.200001
37.220001,
31.620001,90.400002
32.400002,
28.74,
25.68,
20.200001,
,93.040001
,
,95.779999
,82.580002
,90.379997
,93.800003
,108.22
,87.080002
,91.559998
,95.68
,93.040001
,
,75.82
,99.400002
,102.48
,93.419998
,93.760002
,82.400002
,96.459999
,100.06
,95.480003
,88.620003
,
,80.059998
,95.419998
,85.599998
,
,98.900002
,87.580002
,
,95.5
,96.239998
,88.540001
,89.279999
,88.220001
,101.52
,100.62
,99.580002
,86.080002
,81.300003
,92.019997
,
,99.839996
,101.42
,
,
,88.419998
,87.220001
,96.980003
,87.400002
,
,
,82.900002
,83.279999
,91.040001
,79.119995
,76.419998
,88.279999
,78.860001
,92.440002
,95.400002
,
,85.019997
,85.580002
,90.779999
,86.260002
,102.7
,
,
,
,
,
23.02,
21.9,49.799999
33.52,54.200001
25.779999,49.200001
31.360001,57.400002
26.42,53.400002
37.52,
33.639999,58.200001
30.58,71
38.720001,
25.6,
22.040001,
24.76,67.400002
31.879999,72.599998
33.98,57.799999
36.16,71
35.200001,67.599998
34.580002,57.799999
24.76,47.400002
21.780001,
34.240002,66
34.899998,59
28.08,
27.1,
37.720001,58.200001
36.299999,71.599998
32.619999,51.200001
24.880001,55.400002
24.76,56.200001
26.02,
31.4,65.800003
27.720001,78.800003
20.780001,
31.92,68.199997
32.299999,71.400002
27.52,48.599998
28.4,
28.76,70.199997
26.08,
31.5,63.599998
29.74,50.400002
26.299999,52.200001
31.1,71.400002
22.4,
32.900002,64
24.379999,
24.299999,79.620003
23.299999,99.839996
19,88.040001
37.400002,93.360001
35,124.86
22,129.53999
21,75.639999
19.9,92.980003
43.5,118.58
20.5,87
28.200001,90.979996
25.9,112.4
45.900002,123.92
23.299999,125.98
14.5,59.060001
32.959999,
25.200001,90.660004
21.9,117.98
35.5,120.54
15.4,53.540001
25.42,94.360001
17.799999,103.34
40.700001,102.44
18.700001,105.1
31.1,119.98
27.5,66.160004
16,51.260002
31,132.16
21.4,84.379997
30,108
14.6,
19.9,88.199997
31.52,104.4
21,73.580002
16.719999,
23.6,81.339996
17,58.560001
34,113.4
39.599998,119.3
29.92,
43.700001,130.3
20.9,83.980003
34.400002,125.92
20.6,96.979996
26.5,126.14
18.280001,58.380001
17.700001,45.779999
28.799999,96.639999
43.900002,129.39999
42.099998,134.84
12.38,59
12.8,59.279999
20,89.260002
29.700001,131.58
28.5,85.099998
21.5,
22.700001,111.66
24.799999,
18.6,93.300003
17.200001,101.9
24.200001,57.200001
41.400002,119.54
49.400002,130.12
21.700001,92.919998
43.099998,108.64
11.5,
41.52,
36.799999,106.6
33.619999,103.4
42.700001,107.4
46.900002,104.8
42,90.199997
42.200001,
37.099998,109.4
37.200001,109.6
52,
41.32,103.4
36.799999,92.199997
46.82,
38.200001,
46.720001,
40.700001,109.4
37.700001,96.199997
42.02,97.599998
36.419998,
38.299999,91.800003
39.299999,109.4
39.599998,90.199997
46,116.6
35,91
39.48,90.800003
44.599998,125.8
38,108
32.799999,113.6
43,
47.299999,90.599998
45.68,111.6
44.619999,97.400002
37.84,
50.099998,
35,83.599998
33.299999,83.800003
48.400002,
38.200001,94.800003
37.700001,94.800003
40.599998,114.4
44.299999,92
37.32,
43.700001,113.8
38.5,
45.259998,93.599998
64.419998,
44.52,
56,131.60001
40.560001,112.2
30.5,127
35.700001,
34.900002,103.6
43.200001,
40.52,95
35.200001,87.800003
35,101.6
39.200001,98.199997
41.799999,103.2
35.700001,102.2
36.099998,111.2
41.939999,95
42,91.199997
44.419998,123.8
36.84,107.6
40.139999,
49.599998,122.6
37.400002,
39.599998,82.599998
43.919998,
39.959999,97.800003
36.799999,
41.799999,81.599998
40.720001,
45.900002,122.4
37.099998,97.199997
44.34,
46.580002,95.800003
43.400002,
35.599998,104.6
40.5,
38.400002,95.800003
47.040001,
38.900002,101.8
41,98.599998
36.139999,90.599998
50.380001,
41.540001,
40.040001,
41.299999,103.8
55.700001,91.599998
34.700001,87.800003
38.900002,116.2
40,99.599998
36.5,104.8
37.299999,
,
,
,
,
,
,
,89.099998
,81.940002
,145.25999
,
,59.799999
,
,53.119999
,71.419998
,73.18
,
,
,
,117.16
,
,97.059998
,
,
,
,92.400002
,
,63.380001
,85.300003
,
,82.5
,
,154.54001
,
,184.86
,
,
,
,
,
,
,
,72
,
,85.68
,
,80
,
,76.099998
,53.759998
,
,
,
,188.64
,57.799999
,
,153.3
,88.279999
,
,74.620003
,
,
,
,
,
,
,
,73.480003
,
,70.440002
,77.620003
,74.019997
,69.040001
,
,136.60001
,
,81.32
,
,
,106.92
,
,
,
,64.080002
,
,60.119999
,67.260002
,161.48
,79.339996
,
,76.559998
,57.68
,148.62
,
,
,177.23999
,
,
,83.300003
,
,191.2
,
,53.200001
,
,
,48.939999
,73.419998
,
,
,
,112.46
,
,
,
,184.75999
,
,
,80.119995
,
,
,
,36.200001
,61.34
,
,44.899998
,
,
,
,
,
,
,
,
,
,
,86.940002
,156.38
,
,
,59
,62.900002
,
,
,72.379997
,182.74001
,37.02
,
,
,
,
,73
,
,
,
,
,
,69.260002
,
,89.779999
,
,
,79.619995
,
,
,
,
,189.44
,
,
,
,86.139999
,
,
,52.639999
,164.02
,
,
,
,
,
,185.42
,
,
,
,
,
,145.68001
,
,
,117.96
,
,72.839996
,188.39999
,83.68
,
,
,
,
,
,
,54.759998
,
,
,
,
,
,184.34
,
,
,45.759998
,
,
,
,
,148.28
,
,
,
,
,
,104.88
,56.259998
,
,
,
,
,111.02
,
,
,89
,
,72.220001
,57.759998
,
,100.14
,
,
,
,69.940002
,72.220001
,61.459999
,
,
,
,
,
,78.340004
,
,
,
,
,
,
,
,
,
,
,
,
,
,
60.82,115.8
49.380001,92.199997
62.84,
43.48,88.800003
45.02,
42.700001,74.400002
66.379997,98.599998
61.920002,
50.279999,
60.880001,
58.080002,74.800003
38.779999,26.799999
48.299999,
43.380001,
41.259998,63
48.200001,104.6
56,
60.02,111.6
37.720001,87.400002
48,
58.5,100
64.400002,
59.239998,87
45.299999,77
46.880001,
47.060001,78.800003
56.579998,100.4
56.419998,
57.599998,96.199997
60.82,
45.580002,
43.760002,74.599998
53.16,88.400002
51.139999,
58.580002,102
42.68,88.800003
62.439999,
45.540001,
43.880001,78.800003
36.200001,69.199997
48.540001,101.8
49,88
36.700001,
62.940002,
55.139999,102.4
60.82,92.400002
55.98,86
50.740002,90.599998
54.579998,99.599998
61.619999,99.199997
55.239998,73.599998
62.16,103.8
49.759998,75.400002
40.540001,
56.779999,90.800003
54.220001,98.199997
36.360001,32
53.18,95
54.139999,62.400002
49.32,
58.619999,89.199997
56.98,117.2
60.619999,113.4
48.540001,
56.060001,100.4
58.18,81.199997
51.84,71.800003
34.360001,59
45.66,79.199997
43.700001,65.599998
51.040001,104.4
60.459999,84.199997
57.799999,13.8
54.559998,10.6
60.579998,104.4
54.639999,
56.220001,93.800003
62.040001,99.599998
57,
53.32,
59.760002,88.199997
61.860001,16
57.639999,101.8
52.439999,90.800003
50.540001,93.400002
58.040001,104.2
50.540001,90.400002
58.439999,
55.439999,
59.799999,63.400002
55.32,96.800003
49.080002,
59.02,104
56.419998,
,
,
,
,
66.480003,120.8
,
,
,
,
,
,
,
,
,
,
,
,
,
,
,
,
58.619999,94
64.68,132.2
,
,
,
67,
52.220001,84.860001
38.200001,
56.860001,
48.119999,
37.52,
44.799999,
45.860001,
58.239998,
45.66,
46.959999,
55.439999,
63.119999,
55.619999,
47.16,
59.32,99.060005
48.32,
47.880001,
53.5,112.54
41.299999,
60.079998,
34.82,
29.4,
29.380001,
58.139999,
51.419998,
57.080002,93.520004
46.700001,
56.060001,
54.84,
62.920002,96.839996
45.66,
56.139999,
56.799999,
55.099998,
48.579998,
59.560001,
55.139999,91.080002
48.639999,
44.119999,
61.580002,
52.02,
52.799999,
45.18,
54,
67.660004,
56.119999,
55.239998,
39.939999,
52.400002,
43.799999,
51.16,
59.18,
33.040001,
52.200001,108.4
,
56,126
,
66.400002,136
65.800003,138
45,111.2
67,134.8
56.799999,130.2
59.599998,124.6
68.199997,144.2
71.199997,131.2
73,146
72,145.2
56.400002,122.8
,
58.599998,132.39999
61.799999,131.8
,
67.199997,139.8
,
71,153.60001
70.400002,135.2
67.400002,138.2
68,130.2
,
58.799999,138
72.199997,132.39999
55.599998,131.2
63.400002,124.2
66.800003,134.2
69,140.2
72.199997,157.8
,106.6
60,101
65.800003,130.60001
63,122.6
58.200001,115.2
56.200001,108.6
,
63.200001,122.4
67,135.8
63.799999,118.8
,
68.199997,134
64,125.4
66,138
63.400002,139.8
54,132.60001
58.799999,131
,110.4
65.400002,123.2
66.800003,135
71.800003,137.39999
49.200001,112.6
54.200001,136.39999
65.199997,135
,112.8
65.599998,125.4
68.199997,130.2
56,117.8
63.400002,133.60001
66.599998,136
,
68.199997,128.2
42.200001,114
69.800003,130.2
68.800003,123.4
64.199997,126
54,126.4
65.800003,125
56.599998,130.60001
