cornyield_smooth1980,cornyield_smooth2000
35.720001,52.599998
94.980003,
45.34,
,
48.060001,95.199997
32.959999,
43.380001,47.799999
45.259998,
,
50.139999,83.199997
31.48,
38.779999,
45.939999,
32.400002,
42.720001,
44.700001,
47.920002,113.4
54.579998,
,
41.82,
46.779999,
40.919998,97.599998
45.34,54.799999
38.82,73
48.52,91.199997
33.34,71.199997
69.720001,
51.619999,
36.540001,72.599998
48.959999,
47.220001,
38.02,
40.880001,
47.119999,
56.18,
51.720001,
,
45.959999,
62.880001,96.599998
46.439999,111.2
30.960001,
66.839996,104.4
41.02,64.800003
29.58,
62.560001,99.400002
46.599998,
51.119999,
50.380001,88.599998
78.120003,78.599998
63.959999,
43.220001,
41.52,94.800003
38.52,
45.700001,
49.419998,77.599998
47.119999,
41.919998,
,
,
48.84,
43.18,
35.880001,
34.400002,81
38.220001,
52.260002,56
50.580002,
39.939999,
,
,198.2
,
,
,186.42
,
,
,172.94
,
,
,
,177.2
,
,
,190.95999
,
57.400002,
,
59,
,
,
41.599998,
,
55.799999,
,
75.599998,132.88
,
,
,
51.400002,
64,114.2
55.400002,
,
64.199997,
,
66.199997,
,
,
,
,
,
,
64.199997,124.88
,
,
,
,123.8
,
68.599998,142.48
65,
,
,
,
,
,
,
,
,
,
,
,90.019997
65.800003,136.88
,144.60001
,
40.799999,
,
45,
,
,
,
66,
,
49.200001,
,
,
,136.25999
,
,
,
,
,
,
,
,
,
,
,
55,
,130.06
51,
,
,
,
133.18001,
,
132.46001,147.89999
111.74,134.8
,
,
94.620003,162.66
117.82,196.25999
,
,179.53999
,
94.260002,163.94
106.68,174.84
,
,
,
99.199997,172.16
,
,
,
114.88,172.36
,
,
126.8,
,
,
,
,
,
,146.62
138.7,156.86
,
,0
,
139.10001,163.45999
,
,
,0
,
,
,
,
,
130.34,169.82001
,
118.06,138.8
120.46,174.32001
109.36,175.42
111.38,180.82001
,
,
129.12,178.48
127.24,
114.9,104.4
,
,76.5
,
105.1,163.3
93.400002,142.89999
114.6,131.39999
,
108.9,108.2
,
,
77.900002,115.7
,
115.5,168.7
,
,
,
,
,48
66.599998,
,
95,
,
,
,
,
,
,61.400002
119.8,121.2
,
,
114.1,135.8
85.099998,
,80.699997
117.5,122.4
115.2,145.3
,
,
113.4,161.5
127,160
110,155.60001
,
,
127.6,127.4
,
112.9,150.39999
119.6,176
,
,
,
,
,
124.2,124
,
126.7,103.9
122.8,156.8
131.5,173
,
,
,
,
,
,
,
,
95.800003,117.5
97.919998,86.980003
84.300003,121.44
57.799999,72.260002
47.599998,
,
54,
,
,
,84.339996
,
,
,
,
40,70.279999
,
36.599998,
68.599998,
93,83.479996
,
81.400002,81.199997
41,69.400002
,
,
44.799999,90.519997
,
,
,
,
,
47,86.559998
,
69.199997,98.919998
62.799999,73.82
49,80.959999
73.599998,
,
60,
57.200001,68.5
,
45.599998,73.720001
,
52.200001,
,
,
61.200001,
63.599998,78.800003
,
,
,
,
,
,
69.800003,
63.799999,
,
64.199997,73.519997
,
,
,
40.799999,84.379997
37,
49.599998,
,
,
61.799999,82.260002
62.200001,85.260002
51.360001,52.5
55.439999,92.519997
44.559998,68.860001
81.779999,163.12
31.5,
41,
27.280001,
50.380001,105.58
55.860001,107.26
52.459999,87.800003
37.420002,
51.060001,117.18
48.880001,56.200001
65.800003,96.639999
53.66,57.200001
55.32,66.760002
60.32,89.360001
26.34,
70.099998,145.46001
46.459999,
48.060001,
44.880001,
57.32,
41.920002,
50.220001,
,
55.099998,72.139999
50.419998,
,
55.66,
34.82,
55.439999,
,
51.700001,106.4
57,105.1
43.16,
58.139999,75.339996
34.239998,
37.720001,
57.880001,78.800003
57.779999,
78.700005,
77.639999,131.24001
,
44.639999,100.54
55.739998,78.400002
67.220001,155.44
,
73.360001,138.8
53.18,
52.48,62.299999
38.299999,
50.18,73
46.959999,69
71.739998,
34.579998,
61.799999,89.699997
55.939999,
44.900002,
,
58.84,
32.5,
,
69.440002,106.46
67.199997,89.379997
39.48,
35.639999,
58.16,
55.799999,
26.620001,
45.619999,
37.5,
48.740002,
39.220001,
26.280001,
53.799999,114.78
53.399998,98.620003
42.739998,
32.060001,
55.84,97.800003
57.440002,163.66
50.880001,91
35.540001,89
27.059999,
32.98,
52.32,72.260002
44.860001,87.959999
66.379997,138.5
47.860001,
30.1,
48.639999,
49.099998,63.299999
58.98,
44.84,
,
58.720001,97.599998
35.220001,
44.32,70.68
40.32,
81.120003,140.60001
81.839996,156.8
,
39.259998,57.66
34.579998,
65.639999,
,
32.82,
40.200001,
33.880001,
,
38.059998,
54.419998,
55,109.48
32.279999,
44,
54.98,
43.459999,
53.68,
67.099998,127.22
46.580002,
33.32,
44.579998,
59.18,89.440002
92.5,168
38.700001,
49.459999,
55.98,71.599998
77.139999,102.12
34.48,
41.5,
45.419998,91.419998
39.48,72.400002
50.68,112.6
60.119999,129.62
67.400002,74.779999
59.959999,112.6
46.720001,95.260002
32.220001,
34.66,
59.639999,116.48
49.119999,
71.839996,
55.02,
56.18,100.4
30.620001,
55.16,54.860001
36.040001,
40.760002,109.1
58.260002,66.5
50.139999,
49.200001,
67.339996,94.059998
59.639999,
57.5,116.2
42.279999,
37.900002,
56.84,100.84
106.96,154.10001
,
,
,
,
82.400002,
,
,
,
81.599998,
,
,
,
104.76,165.73999
,
95.459999,156.02
,
,
,
105.96,149.78
84,144.60001
,
101.96,152.28
98.919998,149.02
,
,
101.36,138.03999
,
,
,
,
92.879997,162.14
,
93.459999,
,
,
104.4,151.98
105.34,164
,
,
,
102.36,144.95999
,
103.94,
108.8,144.60001
90.400002,122.8
95,115.8
122.4,145.39999
113.6,141.39999
125.2,156.60001
103.6,123.4
122.2,162.8
123.2,154.2
126.8,149.2
129,155.60001
113.2,134.60001
90,111
92.599998,123.2
123.8,150.2
106.6,115
107.4,123.2
112,132.39999
133.60001,154.2
120.8,153.39999
121,141.8
117.8,126.6
121,144.2
94.400002,116.8
108,121
97.599998,120.8
114.4,142.60001
76.800003,96
111,150.2
97,125.2
108.8,138.39999
119.6,141.2
81.800003,109.4
119,146.8
73.599998,112
125.2,153.8
124.8,154
114.6,151.2
84,107
108.4,121
82.199997,106.2
111.8,138.60001
116.6,148.39999
79.199997,107
130,146.39999
116.6,137.60001
122.8,138.2
122.6,159
101.6,105.2
124.2,147.60001
97.599998,123.2
126.6,159
119.8,139.39999
118.4,154.8
124,160.2
118.8,132.8
124.2,153.39999
127.2,158.60001
117.4,145
105.6,135
90.400002,118
117.4,152.39999
105.6,141.60001
85,106.8
120.8,155.39999
124.2,154.60001
102,121.2
119.2,141.39999
131.60001,156
132,154.60001
124.4,154.60001
116.6,156.60001
78.800003,91.800003
127.4,155.39999
107.2,144.8
74.599998,91.199997
86.400002,116
118.2,155.39999
89.400002,108.2
95.599998,111
122.4,153.39999
103.6,127.6
81.599998,102.6
131,156.60001
109.6,146.60001
117.2,141.39999
120.4,136.8
126,159.39999
119.2,148.60001
119.6,154
86.800003,114.4
121.2,145.60001
100.6,125.4
130.39999,161.39999
89.400002,114.6
87.599998,112.8
87.599998,119.4
122.6,147
111.2,131.60001
77.400002,89
118.2,135.2
122.6,157.39999
109,128.25999
111.12,133.58
103.82,132.88
121.48,148.7
103.44,134.98
118.72,145.78
94.979996,
119.04,153.53999
115.2,148.46001
99.220001,120.8
106.98,141.34
120.52,157.08
88.660004,
112.2,144.14
96.760002,116.56
117.76,146.02
96.379997,126.24
114.3,144.34
105.66,131.98
101.3,130.56
114.46,135.75999
89.5,
115.06001,142.89999
104.04,126.04
97.020004,129.52
109.12,139.92
119.78,137.67999
105.24,131.53999
117.94,139.75999
114.88,138.2
99.360001,115.38
117.7,146.45999
113.5,141.74001
127.92,151.68001
112.4,128.17999
102.98,120.46
108.02,146.78
100.38,124.68
96.199997,120.82
98.379997,127.64
119.34,136.16
111.18,142.06
99.919998,136.54001
98.139999,111.4
110.34,133.66
106.56,131.48
97.779999,112.94
120.8,148.53999
113.42,139.22
94.340004,136.94
111.02,122.8
110.94,134.2
104.14,128.34
119.72,148.22
107.14,140.12
119.56001,153.51999
97.080002,127.26
90.439995,
104.06001,124.52
105.74,130.53999
108.78,136.14
97.139999,107.98
103.06,127.34
106.28,133.58
110.12,145.3
97.18,134.18001
109.5,147.22
111.04,134.3
102.28,124.5
118,144.48
99.099998,129.42
104.74,133.16
112.68,138.06
101.4,117.52
93.5,125.08
94.540001,117.52
111.48,140.68001
93.5,
118.26,146.06
122.96,153.38
117.58,145.39999
107.1,139.2
114.4,143.46001
103.26,131.38
106.06,131.39999
119.72,142.16
103.24,121.04
101.44,114.64
114.5,132.82001
111.4,134.28
116.74001,155.04001
98.279999,127.8
106.25999,139.08
101.04,131.68001
120,152.25999
97.220001,124.07999
109.2,137.10001
122.3,158.24001
126.94,156.5
126.4,156.34
127.1,163.38
130.5,157.96001
126.62,151.8
122.74,154.34
129.64,147.78
114.28,145.36
109.44,134.74001
135.52,166.7
128.58,151.03999
121.32,152.82001
120.32,151.94
94.619995,120.16
124.22,149.68001
121.9,156.03999
126.78,160.62
98.360001,145.2
120.12,147.89999
104.52,133.58
98.18,121.86
128.62,161.42
127.3,145.48
123.32,145.56
123.8,158.03999
132.17999,148.89999
125.46,158
124.68,155.98
129.17999,153.32001
104.14,129.38
127.48,149.03999
128.24001,153.28
111.94,137.7
131.3,160.74001
130.25999,152.17999
127.12,156.42
103.2,139.58
125.6,141.78
118.32,148.16
129.48,151.36
106.02,148.56
119.82,151.53999
116.92,149.39999
118,157.34
115.1,125.66
123.22,150.08
128.58,159.62
122.8,138.92
131.7,151.64
117.3,133.78
124.28,155.92
127.22,138.86
96.419998,124.06
108.74,154.64
107.54,141.58
115.74,146.39999
109.74,142.38
122.52,156.81999
109.68,125.98
119.34,157.39999
98.779999,132.64
96.900002,126.48
105.78,136.7
125.02,151.78
124.52,156.66
122,149.16
99,123.86
128.38,150.34
105.5,149.14
131.76001,150.5
119.7,158.56
114.44,139.28
118.1,153.86
92.339996,122.5
112.04,151.42
133.17999,171.06
111.16,139.04001
113.66,162.12
128.78,159.3
122.6,155.74001
92.080002,123.4
97.800003,135.3
102.36,119.66
117.24,132.8
111.62,142.22
127.28,147.60001
99.82,119.94
133.64,156.58
123.08,150
116.4,151.98
98.339996,137.59999
123.42,151.3
131.17999,151.46001
63.599998,94.599998
66.599998,87
76.800003,99.400002
,113.8
120.8,134.8
61,85
84.400002,113.2
,93.400002
66.599998,87.199997
51.400002,86.199997
60.799999,103.4
115.2,133.60001
,152
108.2,124.2
99.400002,123.2
69,85
,
,80.599998
60.799999,98
103.6,85.400002
70.800003,102.2
97.800003,131.39999
80,101.2
127.2,159
,100.4
,74
,79
130.8,173.39999
120,166.2
76.400002,83.400002
84.800003,110.6
114,95.400002
110,96.800003
139.2,165.39999
133.8,186.39999
114.6,95
72.800003,97.599998
120.8,122.8
,
113.4,136.39999
138.8,188
117,125
67.800003,94.599998
77.800003,102.6
116.4,112
74.400002,89
128.2,154.8
,138
124.6,145.39999
63.200001,94.400002
111,118
77.400002,89.199997
,74.199997
69.599998,85.599998
115.6,94
71.400002,78
116.6,136
,77.199997
73,95.800003
123.2,188.39999
73.599998,85
96.800003,96.400002
60.599998,87
67.400002,76.199997
119.6,146.2
72,95.199997
56.400002,98.199997
99.800003,80.800003
122.8,92.599998
68.800003,82.400002
108.6,113
95.800003,98
124.4,146
106.8,77.599998
95.400002,112.2
128.2,153
114.4,90.400002
102.8,136
108.8,114.2
122.8,120.4
90.199997,99
97.199997,79.800003
,105.4
59.400002,56.599998
,93.599998
117.6,130.2
114.2,138.39999
128.8,171.8
88.400002,120.4
130.8,145.60001
112.4,148.60001
112.4,95.800003
121.8,133.8
125,164.39999
122.4,173.60001
94.800003,79.800003
126.8,142.8
95.800003,95.199997
78.599998,87.400002
111.4,126
90.599998,89.599998
116.6,140.8
61,96.400002
63.599998,93.199997
80.800003,90
82.800003,89.800003
84.800003,95.800003
87.800003,
83.599998,119.8
86.800003,111.2
96,114.4
,
90.400002,118.4
105,88.400002
,
92.400002,80
97,
93,97.400002
88.800003,100.4
86.599998,121.6
85,114
75.599998,112.4
87.400002,
86,124.6
94.199997,111.6
85.400002,
86.400002,103.2
90.400002,123
99.199997,100.8
80.199997,
80.400002,105
75.599998,115
75,103.4
102,123.6
82.800003,93.400002
86.800003,
77.599998,85.800003
101.2,98.400002
93.599998,96.599998
84.800003,90.599998
86.599998,130
89.599998,
84.599998,92.400002
86.599998,
80.400002,121
83.199997,88.800003
84.599998,103
80.199997,85.199997
93.599998,124.2
93.599998,112
,
99.400002,107.2
83.599998,97.599998
99.800003,122.8
95.199997,99.199997
88.199997,122.2
88.400002,112
73.400002,
99,109.4
90.400002,91.599998
87.199997,
72.800003,103.4
94.599998,116.6
83.599998,102.8
83.199997,
78.400002,
88.199997,95
88,112.2
78.199997,110.6
101,127.6
76,112.8
82.800003,108.6
,
101.8,125.4
89.199997,108.8
77.599998,
93.199997,128.2
73,107
,
101,94.400002
95.400002,107.8
81,
90.800003,95.400002
78.599998,101
80.199997,97.800003
92.800003,90.800003
85,
85.199997,103
89.800003,117.4
87.800003,
95.400002,128.39999
100.4,123.4
87.599998,
78.400002,
91.400002,105.8
,
81,
87.599998,113
82.199997,
86.199997,104.8
87,
81,113.4
91,94.800003
94.800003,113.8
104.4,119.8
92.800003,103
96.599998,114
94.599998,125.4
83.400002,124.2
92,
106,132.60001
95.800003,126.6
91.199997,105.2
95.400002,128.8
97.400002,117
74.199997,107
88.400002,
101.6,107.8
,
42,
59,
,
65.019997,105.78
53.66,
37.34,
40,
56,111.36
,
,
,
65.779999,110.94
46.279999,
62.540001,102.02
38.34,
54.5,
,129.46001
60.68,
60,
63.48,129.42
,
,
70.620003,
36.200001,
,
69.5,
,
,
34,
49,
71,119.14
,135.25999
,107.66
,
53.34,
,
72.639999,127.68
78.059998,119.3
,
49,117.4
,
,
45,
,
,
88.18,109.82
63.98,
,
51,
58.84,
63,118.2
,
,
47,
42.579998,
54.599998,
,
,
51.200001,123.54
58.220001,
,
,
,
,
,
,
,
,
,
,
,
,
,
,
,
,
,
86.199997,
86.800003,109.7
93.599998,120.08
76.400002,99.019997
93.480003,129.22
92.519997,108.96
97.599998,112.06
78,95.139999
100.3,123.8
88.599998,97.919998
93.18,
94.400002,111.02
97.400002,100.28
103.6,115.02
92.82,99.139999
79.199997,94.32
104.34,128.14
70.160004,96
92.400002,131.42
102.86,108.54
86.760002,91.699997
90.199997,110.44
92.300003,119.6
,
,
,
,
,
,
,
,
,
,
84,
,
91.68,120.6
74.419998,84.599998
73,
94.919998,110
,
91.82,120
101,125
73.480003,
90.68,120.8
99.739998,122.6
97.860001,112.4
96.919998,107
80.32,
78.779999,
,
74.940002,
98.160004,115.6
,
76.559998,
77,
97.080002,128.8
75.900002,
92.580002,99.800003
80.879997,
,
70.839996,85.400002
104.12,120.2
95.160004,112.2
76.480003,
101.1,128.39999
94.540001,122.2
98,129.2
84.559998,
,
83.139999,110.2
90.300003,107.4
95.639999,112
72.68,
91.919998,117
,
69.279999,
90.519997,115.2
79.340004,
103.94,126.4
89.919998,109.4
,
78.779999,
88.720001,115.4
70.959999,
,
74.419998,
80.760002,109.4
77.520004,
100.6,123.6
78.5,117.6
102.26,130.2
91.360001,110.2
79.120003,
75.160004,97
80.739998,102.6
82.620003,
76.559998,
82.620003,111.6
,
76.639999,
79.32,
76.659996,
94.68,112.2
76.599998,
,
101.46,123.2
89.220001,110.8
102.46,120.6
96.239998,127.8
,
93.639999,107.4
103,123
90.040001,107
88.660004,111.2
91.139999,
69.220001,
79.800003,
85.779999,111.6
72.300003,104.8
67,97.199997
86.879997,117.4
82.019997,140.2
112.6,152.8
109.64,151.60001
75.660004,
110.16,156.2
71.800003,104.8
95.059998,157.60001
82.480003,120
80,119
66.400002,102.8
113.64,146.60001
64.199997,101.4
107.9,150.8
117.64,158.39999
75.400002,132.2
124.28,150.39999
114.72,153
118.8,150.8
113.96,158.60001
84.660004,149.39999
102.58,139.39999
119.8,150
73,130.8
86.360001,118.6
70.800003,
121.22,143.60001
78.279999,119.4
101.6,155.2
,92
,
86.639999,140.8
,
,
108.2,149.8
84.199997,136.39999
95,144
112.66,156.60001
72.199997,113
63.599998,93
127.4,153.39999
102.52,142
89.599998,117.6
77.599998,118.6
118.8,152.39999
97.5,142.39999
116.74,158
103.02,137.60001
67.800003,106.8
113.9,157
76.220001,131
59.400002,104.4
80.800003,111.4
83.300003,137.2
70.800003,108.2
90,152.2
89.199997,
70.800003,104.8
107.98,151.39999
110.92,160
111.86,151.39999
106.7,147.2
58.400002,88.800003
,
108.94,149.60001
93.440002,122.6
116.8,161
90.400002,134.8
115.16,153.2
98.400002,154.39999
96.099998,153.60001
77.599998,114.8
69,150.2
113.8,161.2
73,110.6
123.78,154
97.18,143.39999
122.28,153.60001
80.199997,124.4
118.84,158.39999
98.199997,137.8
99.82,144.39999
,
57.099998,100.16
57.099998,
47.580002,
56.580002,92.980003
,138.72
49.279999,91.919998
52.52,99.019997
43.720001,83.68
39.799999,
50.880001,116.86
37.200001,
45.639999,91.68
,125.48
52.799999,
42.880001,
76.659996,110.4
50.34,
48.779999,
63.68,
47.48,
47.139999,97.160004
40.48,
44.200001,
47.299999,106.02
57.139999,115.74
,127.66
,127.7
52.200001,75.599998
47.02,
41.900002,
40.439999,
44.32,
43.079998,
39.48,
48.419998,94.099998
45.279999,
38.599998,
41.919998,
43.779999,
57.400002,77.099998
,127.08
56.920002,
44.400002,97.779999
52.84,110.14
44.48,
50.220001,89.860001
49.380001,86.300003
52.579998,94.040001
49.040001,
45.34,
61.740002,110.16
56.48,
60.260002,103.1
48.32,
43.200001,
55.5,
62.18,
58.299999,
,116.66
48.68,104.52
47.259998,94.720001
,127.26
43.380001,
39.739998,
49.540001,
,128.98
,126.36
60.200001,97.5
50.559998,93.459999
50.040001,
,116.5
58.84,89.760002
47,
,127.06
,131.36
42.52,
42.02,87.660004
47.939999,
44.060001,
61,99.659996
70.220001,122.84
85.159996,112.74
85.739998,114.68
101.74,121.68
90.739998,110
63.939999,107.3
76.479996,129.10001
68.379997,107.32
71.919998,100.76
83.620003,106.32
80.720001,111.14
93.779999,124.16
88.559998,123.14
80.599998,109.18
77.699997,109.9
77.959999,
92.18,120.08
93.599998,128.89999
,
78.260002,106.04
59.900002,104.88
87.659996,123.08
72.159996,
100.7,114.08
88.059998,121.02
94.379997,113.96
80.18,101.12
79.279999,108.38
61.799999,
69.099998,123.84
63.279999,
90.300003,100.92
86.220001,102.82
70.220001,
57.84,
97.160004,135.92
75.220001,112.32
73.540001,99.540001
84.860001,103.36
63.540001,85.419998
86.800003,112.84
86.68,111.3
74.300003,88.879997
75.360001,
96.639999,128.88
84.120003,125.25999
79.339996,
66.839996,
81.32,117.64
74.199997,122.08
79.940002,91.599998
79.199997,96.860001
97.739998,105.72
67.919998,
90.959999,125.56
61.899998,111.28
94.480003,107.52
92.5,108.66
85.479996,105.56
85.32,114.42
63,
82.400002,108.36
80.360001,
71.639999,86.120003
94.239998,120.94
93.979996,115.08
80.360001,96.459999
96.900002,147.5
72.82,99.339996
85.300003,107.7
91.220001,105.6
78.139999,93.540001
108.22,142.5
69.260002,96.519997
88.139999,109.46
,
75.099998,113.94
64.400002,
97.720001,131.72
95.400002,121.52
78.660004,100.38
77.099998,
97.779999,114.3
92.139999,122.04
60.18,90.599998
70.080002,
87.459999,107.22
88.779999,113.14
82.540001,104.88
83.279999,122.46
67.82,
61.32,109.86
99.019997,126.98
66.120003,94.220001
,126.34
73.839996,106.54
93.739998,125.1
93.540001,131.44
90.400002,110.34
96.760002,113.94
102.72,144.01999
56.16,
90.900002,108.68
107.98,138.82001
,
85.82,104.48
,
73.459999,
68.480003,99.860001
92.559998,108.62
65.199997,
74.82,103.5
73.340004,
84.200005,106.36
74.540001,
121.74,154.81999
101.38,139.39999
112.4,128.28
106.62,92.019997
103.68,136.3
97.220001,138.39999
110.36,136.48
60.02,84.599998
103.56,148
122.82,158.02
95.720001,128.38
107.32,128.7
94.599998,108.68
81.239998,120.62
120.68,165.38
93.040001,149.74001
113.06,118.8
124.72,154.92
98.639999,133.56
88.520004,128.08
99.599998,145.01999
86.720001,132.17999
100.68,109.1
126.76,161.46001
119.56,104.2
80.839996,121.56
98.459999,133.42
97.040001,128.82001
106.86,151.64
123.62,150.02
120.76,149.42
120.34,126.9
106.98,117.82
100.9,110.88
114.6,118.96
97.540001,135.44
126.94,151.42
101.6,
104.58,134.75999
123.28,157.14
120.96,163.60001
122.56,139
101.2,130.92
116.52,115.3
117,152.72
100.6,
112.78,139.94
115.04,121.62
83.660004,98.639999
130.38,163.89999
114.36,138
93.019997,110.22
100.42,89.440002
77.040001,111.14
97.580002,105.86
119.5,154.22
84.919998,134.92
93,129.54001
91.580002,140.48
95.639999,120.36
113.42,146.03999
118.3,145.72
101.28,127.84
90.480003,99.599998
123.12,129.58
89.540001,94.440002
75.800003,92.199997
124.7,137.8
132.28,170.7
92.300003,129.72
102.32,137.42
118.32,142.75999
114.94,119.98
86.279999,107.8
105.04,153.7
118.18,126.68
94.32,108.4
98.860001,128.7
118.06,137.48
117.08,129.28
98.599998,129.78
100.06,145.24001
106.12,142.3
86.32,122.44
123.82,140.62
101.86,
83.339996,125.96
107.66,141.3
94.559998,126.38
80.220001,121.58
112,130.16
107.5,139.58
122.42,157.98001
,
,
,
,
,
,
,
,
,
,
75.800003,
91.199997,90.300003
75.599998,
83.400002,
90.199997,94.32
89.400002,78.639999
88.599998,83.840004
88.599998,81.900002
93,91.440002
84.800003,89.760002
90.800003,84.260002
79.800003,
95.400002,92.739998
82.800003,69.5
93,77.300003
98,88.639999
85.800003,92
91.400002,104.4
91.599998,101.4
87.699997,102.6
92.5,107.8
89.339996,101.8
88.300003,93.599998
91.599998,103.4
90.919998,113.4
96.120003,96.400002
91.739998,96
91,91.400002
93.599998,99
88.699997,103.8
80.599998,86
84.400002,108.2
88.599998,100.2
90.099998,105.8
91.599998,90
91.599998,103.6
91.300003,106
91.699997,105.2
91.059998,106.6
90.199997,102.6
90.919998,103.8
95.520004,98.599998
89.900002,100.2
92.260002,101.6
91.360001,102.8
93.660004,102.4
93.5,87.800003
94.059998,107
89.099998,96.599998
90.699997,99.599998
,
99.099998,99.800003
92.400002,95.800003
94.599998,104.8
87.599998,78.800003
99.699997,109
84,101.8
87.459999,99.800003
84.019997,96.599998
92,113.4
93,84.199997
91.599998,93
86.699997,93
93.800003,95.199997
,
97.919998,104.4
89.659996,103.4
,
90.300003,111.4
91.099998,99.599998
70.800003,70.800003
63.799999,59.200001
75.800003,
75,78.400002
69.639999,
68.059998,
89.199997,108.6
76,92.599998
77.199997,87
67,79.400002
72.800003,
71.800003,78.400002
67.199997,69.800003
63.799999,81.599998
101.8,121.2
83.199997,112.2
61,64.199997
75.599998,77.400002
69,77
76,95.599998
89,110.4
82.800003,
60.400002,62.400002
80.199997,82
74.599998,89.800003
72.800003,
96.400002,122
73,74.199997
77.800003,79.599998
78.400002,90.199997
59.799999,
68.800003,79.400002
71.800003,71.400002
54,80.599998
59.799999,
73.199997,86.199997
57.200001,71.199997
84.800003,91.800003
71.400002,65.800003
71.599998,73.599998
65.599998,74.400002
78.599998,
88.199997,106
76.599998,92
67,70.199997
98.599998,118.8
69.199997,85.400002
71.400002,74
80.400002,97.400002
61.400002,72.599998
81.800003,100.8
70.400002,66.800003
73.599998,
62.599998,
83,81
62.799999,67.400002
73,
60.200001,
59.599998,70.800003
66.199997,74.199997
72.599998,
71.599998,80
75.400002,98.599998
76.199997,73.800003
96.400002,105.6
100.4,121
80.599998,86.199997
93.199997,112.6
67.400002,76.199997
80,82.599998
58.200001,
71.800003,75.599998
63,69.400002
75.800003,80
63,76.599998
69.599998,78
65,
74,83.400002
67,63.200001
74.800003,82
60.200001,74.599998
70.800003,90.199997
65.599998,
83.199997,96.199997
96,123.4
68.599998,83.800003
50.799999,
62.200001,
51.599998,74.199997
88.400002,113
71.599998,
82,89.599998
71.400002,94.599998
78.599998,84.400002
78.599998,94.199997
64.400002,
,57.759998
60.099998,112.5
79.360001,79.599998
,
46.939999,73.660004
,51.439999
,
64.32,84.839996
72.620003,119.18
,
73.300003,122.93999
,
,78.239998
70.459999,
60.119999,94.239998
80.279999,95.099998
72.800003,67.82
69.300003,100.72
49.380001,
80.720001,103.58
,62.02
95.860001,132
65.919998,118.2
56.5,85.959999
62.619999,86.5
53.200001,90.099998
57.32,89.379997
72.480003,89.220001
,108.04
40.66,91.059998
,57.799999
58.360001,95.260002
40,95.779999
61,102.76
39.639999,86.120003
,90.620003
74.099998,122.02
,61.760002
80.160004,125
,60.02
66.040001,122.88
,
,
,
,62.380001
87.379997,113.5
61.439999,97.839996
,
83.800003,118.24
58.439999,102.2
47.540001,78.400002
49.740002,78.620003
,
92.879997,99.860001
114.34,132.24001
100.62,110.22
96.540001,114.18
89.019997,119.56
107.22,127.78
92.099998,
98.760002,117.62
105.86,114.92
90.779999,95.699997
113,135.58
115.48,136.64
97.440002,105.56
111.88,139.36
101.08,108.5
112.7,115.82
115.64,136.44
,
114.44,138.22
107.86,136.08
104.5,125.4
118.16,129.95999
104.56,126.78
109.56,129.48
101.32,115.88
116.04,135.89999
90.279999,102.46
91.5,104.9
114.02,129.25999
84.739998,109.3
105.92,119.46
115.36,125.93999
108.26,132.89999
90.360001,84.080002
117.78,141.7
104.22,125.25999
93.900002,115.6
101.76,111.14
113.62,124.44
94.879997,91.839996
90.260002,
105.76,119.74
,
92.459999,101.18
100.08,126.08
103.76,133.04001
102.14,119.02
119.76,139.56
104.98,133.32001
96.080002,110.6
105.4,132.64
98.739998,106.48
97.139999,109.6
110.9,133.86
115.3,138.64
88.339996,109.98
113.9,134.38
99.5,107.7
104.28,125.5
99.620003,113.92
84.980003,90.260002
106.58,120.56
111.66,124.78
97.620003,128.48
107.82,116.56
95.5,103.92
95.520004,108.8
118.34,138.44
112.34,131.2
104.22,120.76
104.1,126.08
116.72,136.42
96.879997,108.9
114.78,126.92
110.68,137.58
101.22,103.48
96.239998,109.88
96.32,121.68
100.96,98.559998
105.06,136.2
121.42,133.89999
96.020004,99.099998
107.8,129.8
99.82,107.26
105.66,117.08
105.16,122.5
112.18,130.75999
110,124.66
,
,102.08
,
98.239998,151.34
,
,
55.32,91.360001
74.940002,78.559998
80.720001,
,
,
56.940002,94.059998
106.62,159.03999
65.940002,
,
,76.980003
,
52.34,74.82
,
,78.860001
,
,
,142.38
,
73.860001,99.520004
63.760002,
54.200001,
,
,
,152.34
,97.059998
54.860001,100.48
,
,
66.699997,
,89.959999
,
,
,
,83.400002
,
,
,
74.139999,93.300003
,73.639999
61.040001,
61.48,132
,
49.98,70.720001
,
61.66,120.92
,
52.16,81.559998
,81.879997
64.980003,104.56
59.119999,94.860001
51.16,
46.700001,84.199997
,
,
,
60.759998,
,98.080002
,
,
,
,
82.260002,109.08
,
110.12,169.02
,56.200001
,
,90.400002
,
74.5,
,
,
80.540001,93.040001
92.300003,
96.760002,95.779999
95.139999,82.580002
97.160004,90.379997
86.139999,93.800003
96.360001,108.22
88.559998,87.080002
88.940002,91.559998
95.540001,95.68
84.339996,93.040001
89.400002,
79.980003,75.82
95.760002,99.400002
102.36,102.48
98.559998,93.419998
85.959999,93.760002
97.580002,82.400002
86.739998,96.459999
94.940002,100.06
84.139999,95.480003
87.360001,88.620003
95.519997,
85.699997,80.059998
94.32,95.419998
93.559998,85.599998
88.400002,
88.339996,98.900002
88.760002,87.580002
94.540001,
98.540001,95.5
92.139999,96.239998
91.980003,88.540001
88.540001,89.279999
86.300003,88.220001
104.76,101.52
98.559998,100.62
97.32,99.580002
83.940002,86.080002
87.540001,81.300003
93.559998,92.019997
91.800003,
93.540001,99.839996
98.739998,101.42
80.379997,
84.339996,
84.760002,88.419998
91.739998,87.220001
85.139999,96.980003
84.540001,87.400002
,
81.5,
87.959999,82.900002
81.139999,83.279999
82.739998,91.040001
94.360001,79.119995
81.660004,76.419998
83.559998,88.279999
88.959999,78.860001
85.360001,92.440002
93.519997,95.400002
90.440002,
96.160004,85.019997
84.900002,85.580002
96.540001,90.779999
89.779999,86.260002
85.739998,102.7
,
,
,
,
,
41.279999,
50.619999,49.799999
67.979996,54.200001
45.139999,49.200001
59.68,57.400002
53.279999,53.400002
60.5,
58.040001,58.200001
73.480003,71
71.279999,
55.220001,
56.779999,
61.779999,67.400002
79.119995,72.599998
60.32,57.799999
68.099998,71
75.860001,67.599998
64.32,57.799999
47.540001,47.400002
55.380001,
67.599998,66
60.200001,59
58.440002,
43.540001,
64.279999,58.200001
66.360001,71.599998
54.619999,51.200001
59.380001,55.400002
62.099998,56.200001
39.68,
65.120003,65.800003
51.380001,78.800003
35.060001,
69.699997,68.199997
70.32,71.400002
51.459999,48.599998
49.799999,
72.800003,70.199997
44.139999,
66.959999,63.599998
59.779999,50.400002
58.040001,52.200001
71.68,71.400002
51.920002,
64.239998,64
56.419998,
42.799999,79.620003
55.900002,99.839996
80.199997,88.040001
60.060001,93.360001
74.160004,124.86
55.139999,129.53999
49.540001,75.639999
,92.980003
87.760002,118.58
57.880001,87
52.98,90.979996
56.860001,112.4
87.520004,123.92
67.659996,125.98
35.240002,59.060001
,
51.540001,90.660004
55.139999,117.98
73.300003,120.54
37.040001,53.540001
50.760002,94.360001
38.720001,103.34
105.14,102.44
39.360001,105.1
65.239998,119.98
52.239998,66.160004
39.68,51.260002
66.760002,132.16
50.239998,84.379997
56.419998,108
,
76.220001,88.199997
60.600002,104.4
44.400002,73.580002
43.200001,
42.919998,81.339996
78.699997,58.560001
62.119999,113.4
71.059998,119.3
77.300003,
84.360001,130.3
88.540001,83.980003
68.440002,125.92
44.459999,96.979996
55.66,126.14
72.760002,58.380001
44.759998,45.779999
53.5,96.639999
84.939995,129.39999
90.379997,134.84
56.759998,59
47.459999,59.279999
53.619999,89.260002
62.02,131.58
49.16,85.099998
65.660004,
53.459999,111.66
66.400002,
,93.300003
88.68,101.9
43.619999,57.200001
75.279999,119.54
92.620003,130.12
63.299999,92.919998
68.620003,108.64
39.220001,
,
68,106.6
68.800003,103.4
65.599998,107.4
81,104.8
64.400002,90.199997
76.599998,
72.599998,109.4
73.199997,109.6
75.199997,
62.400002,103.4
67.199997,92.199997
75.800003,
67,
80.199997,
72.199997,109.4
73.400002,96.199997
78.599998,97.599998
64,
60.799999,91.800003
67.599998,109.4
67.599998,90.199997
76.599998,116.6
64.199997,91
76.800003,90.800003
74.400002,125.8
77.400002,108
75.800003,113.6
79,
71,90.599998
76,111.6
82.599998,97.400002
59.799999,
73,
61,83.599998
66.800003,83.800003
70.599998,
74,94.800003
70.800003,94.800003
76,114.4
64.599998,92
64,
73.400002,113.8
66.599998,
81.400002,93.599998
103.2,
75.599998,
108.6,131.60001
74.199997,112.2
66.800003,127
54.799999,
75.400002,103.6
77.199997,
68.800003,95
68.800003,87.800003
73,101.6
71.599998,98.199997
72.400002,103.2
64.599998,102.2
65.599998,111.2
68.800003,95
70.400002,91.199997
83.599998,123.8
71.400002,107.6
78.199997,
89,122.6
76.599998,
67.199997,82.599998
77.800003,
71.199997,97.800003
69.800003,
61.799999,81.599998
65.599998,
89.599998,122.4
67.800003,97.199997
72.400002,
67.199997,95.800003
78.599998,
60.200001,104.6
71.199997,
66.599998,95.800003
84.400002,
84.199997,101.8
62.400002,98.599998
75.400002,90.599998
,
73.800003,
65.199997,
73.199997,103.8
80.400002,91.599998
66.599998,87.800003
80.599998,116.2
74,99.599998
66.599998,104.8
72.599998,
,
,
,
,
,
,
58.66,89.099998
59.120003,81.940002
119.78,145.25999
,
53.299999,59.799999
,
59.220001,53.119999
51.059998,71.419998
81.639999,73.18
,
,
,
,117.16
72.419998,
,97.059998
120.4,
,
,
54.580002,92.400002
,
53.239998,63.380001
78.139999,85.300003
,
82.440002,82.5
,
118.1,154.54001
,
144.34,184.86
,
,
,
,
,
,
,
,72
,
80.120003,85.68
63.139999,
,80
,
,76.099998
51.779999,53.759998
,
,
,
131.24001,188.64
,57.799999
,
129.94,153.3
,88.279999
,
55.899998,74.620003
,
,
,
67.919998,
,
,
,
53.82,73.480003
,
,70.440002
52.98,77.620003
,74.019997
59.200001,69.040001
,
126.26,136.60001
,
72.739998,81.32
,
,
75.879997,106.92
,
,
,
,64.080002
,
61.760002,60.119999
53.599998,67.260002
130.58,161.48
,79.339996
,
73.220001,76.559998
57.959999,57.68
133,148.62
,
,
121.36,177.23999
,
,
68.040001,83.300003
,
133.84,191.2
,
50.18,53.200001
,
,
80.800003,48.939999
46.400002,73.419998
,
,
,
55.139999,112.46
,
,
,
113,184.75999
,
,
76.880005,80.119995
,
,
,
56.52,36.200001
,61.34
,
46,44.899998
,
,
,
,
,
,
,
86.879997,
59.799999,
,
,86.940002
131.24001,156.38
,
,
46.060001,59
44.619999,62.900002
,
,
51.98,72.379997
,182.74001
45.32,37.02
,
116.92,
,
,
52.779999,73
,
,
,
,
,
79.779999,69.260002
,
87.480003,89.779999
,
,
51.360001,79.619995
,
,
,
,
123.46,189.44
,
,
,
,86.139999
,
,
65.139999,52.639999
,164.02
,
,
,
,
,
139.36,185.42
,
,
,
,
,
123.22,145.68001
,
,
,117.96
,
65.639999,72.839996
,188.39999
66.659996,83.68
,
,
,
,
,
,
66.239998,54.759998
,
,
,
,
,
125.52,184.34
36.32,
,
,45.759998
,
,
,
,
141.08,148.28
,
,
,
,
,
,104.88
62.02,56.259998
,
,
,
,
94.379997,111.02
,
,
69.080002,89
,
77.740005,72.220001
49.419998,57.759998
,
88.040001,100.14
,
,
,
89.959999,69.940002
52.860001,72.220001
50.98,61.459999
,
,
109.96,
,
,
89.720001,78.340004
,
,
,
,
,
,
,
,
,
,
,
,
,
,
90.5,115.8
76.599998,92.199997
92.199997,
77.300003,88.800003
70.400002,
70.800003,74.400002
85.699997,98.599998
90.300003,
74,
94.5,
88,74.800003
67.099998,26.799999
91,
70.400002,
68.400002,63
78.800003,104.6
84.699997,
86.900002,111.6
73,87.400002
76.300003,
87.599998,100
88.400002,
82.800003,87
73.900002,77
92.800003,
71.800003,78.800003
86.5,100.4
82.300003,
88.300003,96.199997
85.599998,
73,
79,74.599998
77.300003,88.400002
91.099998,
81.5,102
70.300003,88.800003
91,
82.400002,
71.900002,78.800003
71.599998,69.199997
74.800003,101.8
76.599998,88
71.300003,
86.400002,
80.5,102.4
91.300003,92.400002
86.300003,86
88.900002,90.599998
86.099998,99.599998
84.699997,99.199997
91,73.599998
82.099998,103.8
76.599998,75.400002
67.900002,
88.5,90.800003
80.900002,98.199997
64.199997,32
86.400002,95
98.599998,62.400002
83.699997,
96.300003,89.199997
91.199997,117.2
87.800003,113.4
72.099998,
79.300003,100.4
87.599998,81.199997
76.800003,71.800003
72.699997,59
72.800003,79.199997
70.800003,65.599998
76.599998,104.4
79.199997,84.199997
97.599998,13.8
85.599998,10.6
88.099998,104.4
86.199997,
88.599998,93.800003
95.099998,99.599998
88,
89.900002,
84.699997,88.199997
95.699997,16
81,101.8
79.900002,90.800003
85.699997,93.400002
76.599998,104.2
75.099998,90.400002
91.099998,
84.800003,
95.5,63.400002
87.699997,96.800003
85.699997,
94,104
,
,
,
,
,
92,120.8
,
,
,
,
,
,
,
,
,
,
,
,
,
,
,
,
81.900002,94
98.300003,132.2
,
,
,
87.800003,
88.599998,84.860001
,
,
87.32,
76.900002,
75.260002,
,
75.459999,
83.440002,
81.279999,
79.699997,
100.46,
88.779999,
,
90.739998,99.060005
,
83.519997,
91.68,112.54
,
83.559998,
78.400002,
,
,
,
75.080002,
93.919998,93.520004
82.82,
87.120003,
83.739998,
95.099998,96.839996
86.82,
75.639999,
84.379997,
79,
87.059998,
97.360001,
89.120003,91.080002
82.959999,
,
94.879997,
84.199997,
75.800003,
96.860001,
87.540001,
92.199997,
87.080002,
90.440002,
73.699997,
,
78.120003,
83.160004,
85.959999,
,
99.779999,108.4
80.360001,
89.82,126
82.120003,
95.880005,136
105.36,138
86.020004,111.2
99.419998,134.8
92.639999,130.2
88.699997,124.6
110.4,144.2
108.6,131.2
114.1,146
105.9,145.2
89.959999,122.8
82.599998,
90.879997,132.39999
93.019997,131.8
86.200005,
105.46,139.8
84.040001,
116.82,153.60001
112.4,135.2
105.42,138.2
111.98,130.2
82.259995,
98.040001,138
106.9,132.39999
99.860001,131.2
115.88,124.2
98.519997,134.2
108.32,140.2
118.24,157.8
84.68,106.6
89.919998,101
99.860001,130.60001
94.519997,122.6
90.339996,115.2
98.080002,108.6
,
99.160004,122.4
106.9,135.8
88.220001,118.8
83.779999,
100.68,134
101.78,125.4
102.58,138
93.620003,139.8
90.239998,132.60001
102.76,131
83.440002,110.4
112.18,123.2
106.3,135
110.88,137.39999
84.540001,112.6
90.720001,136.39999
106.36,135
86.239998,112.8
95.040001,125.4
95.439995,130.2
89.839996,117.8
103.8,133.60001
106.96,136
,
115.88,128.2
84.959999,114
104.54,130.2
101.48,123.4
98.5,126
100.74001,126.4
98,125
96.599998,130.60001
