cornyield_smooth1980,cornyield_smooth2000,Cluster
35.720001,52.599998,1
94.980003,,1
45.34,,1
,,1
48.060001,95.199997,1
32.959999,,1
43.380001,47.799999,1
45.259998,,1
,,1
50.139999,83.199997,1
31.48,,1
38.779999,,1
45.939999,,1
32.400002,,1
42.720001,,1
44.700001,,1
47.920002,113.4,1
54.579998,,1
,,1
41.82,,1
46.779999,,1
40.919998,97.599998,1
45.34,54.799999,1
38.82,73.0,1
48.52,91.199997,1
33.34,71.199997,1
69.720001,,1
51.619999,,1
36.540001,72.599998,1
48.959999,,1
47.220001,,1
38.02,,1
40.880001,,1
47.119999,,1
56.18,,1
51.720001,,1
,,1
45.959999,,1
62.880001,96.599998,1
46.439999,111.2,1
30.960001,,1
66.839996,104.4,1
41.02,64.800003,1
29.58,,1
62.560001,99.400002,1
46.599998,,1
51.119999,,1
50.380001,88.599998,1
78.120003,78.599998,1
63.959999,,1
43.220001,,1
41.52,94.800003,1
38.52,,1
45.700001,,1
49.419998,77.599998,1
47.119999,,1
41.919998,,1
,,1
,,1
48.84,,1
43.18,,1
35.880001,,1
34.400002,81.0,1
38.220001,,1
52.260002,56.0,1
50.580002,,1
39.939999,,1
,,0
,198.2,3
,,0
,,3
,186.42,3
,,3
,,3
,172.94,3
,,3
,,0
,,3
,177.2,3
,,3
,,3
,190.95999,3
,,1
57.400002,,1
,,1
59.0,,1
,,1
,,1
41.599998,,1
,,1
55.799999,,1
,,1
75.599998,132.88,1
,,1
,,1
,,1
51.400002,,1
64.0,114.2,1
55.400002,,1
,,1
64.199997,,1
,,1
66.199997,,1
,,1
,,1
,,1
,,1
,,1
,,1
64.199997,124.88,1
,,1
,,1
,,1
,123.8,1
,,1
68.599998,142.48,1
65.0,,1
,,1
,,1
,,1
,,1
,,1
,,1
,,1
,,1
,,1
,,1
,90.019997,1
65.800003,136.88,1
,144.60001,1
,,1
40.799999,,1
,,1
45.0,,1
,,1
,,1
,,1
66.0,,1
,,1
49.200001,,1
,,1
,,1
,136.25999,1
,,1
,,1
,,1
,,1
,,1
,,1
,,1
,,1
,,1
,,1
,,1
55.0,,1
,130.06,1
51.0,,1
,,0
,,0
,,0
133.18001,,3
,,0
132.46001,147.89999,3
111.74,134.8,0
,,0
,,0
94.620003,162.66,3
117.82,196.25999,3
,,0
,179.53999,3
,,0
94.260002,163.94,3
106.68,174.84,3
,,0
,,0
,,3
99.199997,172.16,3
,,0
,,3
,,0
114.88,172.36,3
,,0
,,0
126.8,,0
,,0
,,0
,,0
,,3
,,0
,146.62,3
138.7,156.86,0
,,0
,0.0,3
,,0
139.10001,163.45999,0
,,0
,,0
,0.0,0
,,0
,,0
,,0
,,0
,,0
130.34,169.82001,0
,,0
118.06,138.8,3
120.46,174.32001,3
109.36,175.42,3
111.38,180.82001,3
,,0
,,0
129.12,178.48,3
127.24,,3
114.9,104.4,0
,,0
,76.5,0
,,0
105.1,163.3,0
93.400002,142.89999,0
114.6,131.39999,0
,,0
108.9,108.2,0
,,0
,,0
77.900002,115.7,0
,,0
115.5,168.7,0
,,0
,,0
,,0
,,0
,48.0,0
66.599998,,0
,,0
95.0,,0
,,0
,,0
,,0
,,0
,,0
,61.400002,0
119.8,121.2,0
,,0
,,0
114.1,135.8,0
85.099998,,0
,80.699997,0
117.5,122.4,0
115.2,145.3,0
,,0
,,0
113.4,161.5,0
127.0,160.0,0
110.0,155.60001,0
,,0
,,0
127.6,127.4,0
,,0
112.9,150.39999,0
119.6,176.0,0
,,0
,,0
,,0
,,0
,,0
124.2,124.0,0
,,0
126.7,103.9,0
122.8,156.8,0
131.5,173.0,0
,,2
,,2
,,2
,,2
,,2
,,2
,,2
,,2
95.800003,117.5,2
97.919998,86.980003,2
84.300003,121.44,2
57.799999,72.260002,1
47.599998,,1
,,1
54.0,,1
,,1
,,1
,84.339996,1
,,1
,,1
,,1
,,1
40.0,70.279999,1
,,1
36.599998,,1
68.599998,,1
93.0,83.479996,1
,,1
81.400002,81.199997,1
41.0,69.400002,1
,,1
,,1
44.799999,90.519997,1
,,1
,,1
,,1
,,1
,,1
47.0,86.559998,1
,,1
69.199997,98.919998,1
62.799999,73.82,1
49.0,80.959999,1
73.599998,,1
,,1
60.0,,1
57.200001,68.5,1
,,1
45.599998,73.720001,1
,,1
52.200001,,1
,,1
,,1
61.200001,,1
63.599998,78.800003,1
,,1
,,1
,,1
,,1
,,1
,,1
69.800003,,1
63.799999,,1
,,1
64.199997,73.519997,1
,,1
,,1
,,1
40.799999,84.379997,1
37.0,,1
49.599998,,1
,,1
,,1
61.799999,82.260002,1
62.200001,85.260002,1
51.360001,52.5,1
55.439999,92.519997,1
44.559998,68.860001,1
81.779999,163.12,1
31.5,,1
41.0,,1
27.280001,,1
50.380001,105.58,1
55.860001,107.26,1
52.459999,87.800003,1
37.420002,,1
51.060001,117.18,1
48.880001,56.200001,1
65.800003,96.639999,1
53.66,57.200001,1
55.32,66.760002,1
60.32,89.360001,1
26.34,,1
70.099998,145.46001,1
46.459999,,1
48.060001,,1
44.880001,,1
57.32,,1
41.920002,,1
50.220001,,1
,,1
55.099998,72.139999,1
50.419998,,1
,,1
55.66,,1
34.82,,1
55.439999,,1
,,1
51.700001,106.4,1
57.0,105.1,1
43.16,,1
58.139999,75.339996,1
34.239998,,1
37.720001,,1
57.880001,78.800003,1
57.779999,,1
78.700005,,1
77.639999,131.24001,1
,,1
44.639999,100.54,1
55.739998,78.400002,1
67.220001,155.44,1
,,1
73.360001,138.8,1
53.18,,1
52.48,62.299999,1
38.299999,,1
50.18,73.0,1
46.959999,69.0,1
71.739998,,2
34.579998,,1
61.799999,89.699997,1
55.939999,,1
44.900002,,1
,,1
58.84,,1
32.5,,1
,,1
69.440002,106.46,1
67.199997,89.379997,1
39.48,,1
35.639999,,1
58.16,,1
55.799999,,1
26.620001,,1
45.619999,,1
37.5,,1
48.740002,,1
39.220001,,1
26.280001,,1
53.799999,114.78,1
53.399998,98.620003,1
42.739998,,1
32.060001,,1
55.84,97.800003,1
57.440002,163.66,1
50.880001,91.0,1
35.540001,89.0,1
27.059999,,1
32.98,,1
52.32,72.260002,1
44.860001,87.959999,1
66.379997,138.5,1
47.860001,,1
30.1,,1
48.639999,,1
49.099998,63.299999,1
58.98,,2
44.84,,1
,,1
58.720001,97.599998,1
35.220001,,1
44.32,70.68,1
40.32,,1
81.120003,140.60001,1
81.839996,156.8,1
,,1
39.259998,57.66,1
34.579998,,1
65.639999,,1
,,1
32.82,,1
40.200001,,1
33.880001,,1
,,1
38.059998,,1
54.419998,,1
55.0,109.48,1
32.279999,,1
44.0,,1
54.98,,1
43.459999,,1
53.68,,1
67.099998,127.22,1
46.580002,,1
33.32,,1
44.579998,,1
59.18,89.440002,1
92.5,168.0,1
38.700001,,1
49.459999,,1
55.98,71.599998,1
77.139999,102.12,1
34.48,,1
41.5,,1
45.419998,91.419998,1
39.48,72.400002,1
50.68,112.6,1
60.119999,129.62,1
67.400002,74.779999,1
59.959999,112.6,1
46.720001,95.260002,1
32.220001,,1
34.66,,1
59.639999,116.48,1
49.119999,,1
71.839996,,2
55.02,,1
56.18,100.4,1
30.620001,,1
55.16,54.860001,1
36.040001,,1
40.760002,109.1,1
58.260002,66.5,1
50.139999,,1
49.200001,,1
67.339996,94.059998,1
59.639999,,1
57.5,116.2,1
42.279999,,1
37.900002,,1
56.84,100.84,1
106.96,154.10001,0
,,0
,,0
,,0
,,0
82.400002,,0
,,0
,,0
,,0
81.599998,,0
,,0
,,0
,,0
104.76,165.73999,0
,,0
95.459999,156.02,0
,,0
,,0
,,0
105.96,149.78,0
84.0,144.60001,0
,,0
101.96,152.28,0
98.919998,149.02,0
,,0
,,0
101.36,138.03999,0
,,0
,,0
,,0
,,0
92.879997,162.14,0
,,0
93.459999,,0
,,0
,,0
104.4,151.98,0
105.34,164.0,0
,,0
,,0
,,0
102.36,144.95999,0
,,0
103.94,,0
108.8,144.60001,2
90.400002,122.8,1
95.0,115.8,2
122.4,145.39999,2
113.6,141.39999,2
125.2,156.60001,2
103.6,123.4,2
122.2,162.8,2
123.2,154.2,2
126.8,149.2,2
129.0,155.60001,2
113.2,134.60001,2
90.0,111.0,2
92.599998,123.2,2
123.8,150.2,2
106.6,115.0,2
107.4,123.2,2
112.0,132.39999,2
133.60001,154.2,2
120.8,153.39999,2
121.0,141.8,2
117.8,126.6,2
121.0,144.2,2
94.400002,116.8,2
108.0,121.0,2
97.599998,120.8,2
114.4,142.60001,2
76.800003,96.0,2
111.0,150.2,2
97.0,125.2,2
108.8,138.39999,2
119.6,141.2,2
81.800003,109.4,2
119.0,146.8,2
73.599998,112.0,1
125.2,153.8,2
124.8,154.0,2
114.6,151.2,2
84.0,107.0,2
108.4,121.0,2
82.199997,106.2,2
111.8,138.60001,2
116.6,148.39999,2
79.199997,107.0,1
130.0,146.39999,2
116.6,137.60001,2
122.8,138.2,2
122.6,159.0,2
101.6,105.2,2
124.2,147.60001,2
97.599998,123.2,2
126.6,159.0,2
119.8,139.39999,2
118.4,154.8,2
124.0,160.2,2
118.8,132.8,2
124.2,153.39999,2
127.2,158.60001,2
117.4,145.0,2
105.6,135.0,2
90.400002,118.0,2
117.4,152.39999,2
105.6,141.60001,2
85.0,106.8,1
120.8,155.39999,2
124.2,154.60001,2
102.0,121.2,2
119.2,141.39999,2
131.60001,156.0,2
132.0,154.60001,2
124.4,154.60001,2
116.6,156.60001,2
78.800003,91.800003,2
127.4,155.39999,2
107.2,144.8,2
74.599998,91.199997,1
86.400002,116.0,1
118.2,155.39999,2
89.400002,108.2,1
95.599998,111.0,2
122.4,153.39999,2
103.6,127.6,2
81.599998,102.6,2
131.0,156.60001,2
109.6,146.60001,2
117.2,141.39999,2
120.4,136.8,2
126.0,159.39999,2
119.2,148.60001,2
119.6,154.0,2
86.800003,114.4,1
121.2,145.60001,2
100.6,125.4,2
130.39999,161.39999,2
89.400002,114.6,2
87.599998,112.8,2
87.599998,119.4,2
122.6,147.0,2
111.2,131.60001,2
77.400002,89.0,2
118.2,135.2,2
122.6,157.39999,2
109.0,128.25999,2
111.12,133.58,2
103.82,132.88,2
121.48,148.7,2
103.44,134.98,2
118.72,145.78,2
94.979996,,2
119.04,153.53999,2
115.2,148.46001,2
99.220001,120.8,2
106.98,141.34,2
120.52,157.08,2
88.660004,,2
112.2,144.14,2
96.760002,116.56,2
117.76,146.02,2
96.379997,126.24,2
114.3,144.34,2
105.66,131.98,2
101.3,130.56,2
114.46,135.75999,2
89.5,,2
115.06001,142.89999,2
104.04,126.04,2
97.020004,129.52,2
109.12,139.92,2
119.78,137.67999,2
105.24,131.53999,2
117.94,139.75999,2
114.88,138.2,2
99.360001,115.38,2
117.7,146.45999,2
113.5,141.74001,2
127.92,151.68001,2
112.4,128.17999,2
102.98,120.46,2
108.02,146.78,2
100.38,124.68,2
96.199997,120.82,2
98.379997,127.64,2
119.34,136.16,2
111.18,142.06,2
99.919998,136.54001,2
98.139999,111.4,2
110.34,133.66,2
106.56,131.48,2
97.779999,112.94,2
120.8,148.53999,2
113.42,139.22,2
94.340004,136.94,2
111.02,122.8,2
110.94,134.2,2
104.14,128.34,2
119.72,148.22,2
107.14,140.12,2
119.56001,153.51999,2
97.080002,127.26,2
90.439995,,2
104.06001,124.52,2
105.74,130.53999,2
108.78,136.14,2
97.139999,107.98,2
103.06,127.34,2
106.28,133.58,2
110.12,145.3,2
97.18,134.18001,2
109.5,147.22,2
111.04,134.3,2
102.28,124.5,2
118.0,144.48,2
99.099998,129.42,2
104.74,133.16,2
112.68,138.06,2
101.4,117.52,2
93.5,125.08,2
94.540001,117.52,2
111.48,140.68001,2
93.5,,2
118.26,146.06,2
122.96,153.38,2
117.58,145.39999,2
107.1,139.2,1
114.4,143.46001,2
103.26,131.38,2
106.06,131.39999,2
119.72,142.16,2
103.24,121.04,2
101.44,114.64,2
114.5,132.82001,2
111.4,134.28,2
116.74001,155.04001,2
98.279999,127.8,2
106.25999,139.08,2
101.04,131.68001,2
120.0,152.25999,2
97.220001,124.07999,2
109.2,137.10001,2
122.3,158.24001,2
126.94,156.5,2
126.4,156.34,2
127.1,163.38,2
130.5,157.96001,2
126.62,151.8,2
122.74,154.34,2
129.64,147.78,2
114.28,145.36,2
109.44,134.74001,2
135.52,166.7,2
128.58,151.03999,2
121.32,152.82001,2
120.32,151.94,2
94.619995,120.16,2
124.22,149.68001,2
121.9,156.03999,2
126.78,160.62,2
98.360001,145.2,2
120.12,147.89999,2
104.52,133.58,2
98.18,121.86,2
128.62,161.42,2
127.3,145.48,2
123.32,145.56,2
123.8,158.03999,2
132.17999,148.89999,2
125.46,158.0,2
124.68,155.98,2
129.17999,153.32001,2
104.14,129.38,2
127.48,149.03999,2
128.24001,153.28,2
111.94,137.7,2
131.3,160.74001,2
130.25999,152.17999,2
127.12,156.42,2
103.2,139.58,2
125.6,141.78,2
118.32,148.16,2
129.48,151.36,2
106.02,148.56,2
119.82,151.53999,2
116.92,149.39999,2
118.0,157.34,2
115.1,125.66,2
123.22,150.08,2
128.58,159.62,2
122.8,138.92,2
131.7,151.64,2
117.3,133.78,2
124.28,155.92,2
127.22,138.86,2
96.419998,124.06,2
108.74,154.64,2
107.54,141.58,2
115.74,146.39999,2
109.74,142.38,2
122.52,156.81999,2
109.68,125.98,2
119.34,157.39999,2
98.779999,132.64,2
96.900002,126.48,2
105.78,136.7,2
125.02,151.78,2
124.52,156.66,2
122.0,149.16,2
99.0,123.86,2
128.38,150.34,2
105.5,149.14,2
131.76001,150.5,2
119.7,158.56,2
114.44,139.28,2
118.1,153.86,2
92.339996,122.5,2
112.04,151.42,2
133.17999,171.06,2
111.16,139.04001,2
113.66,162.12,2
128.78,159.3,2
122.6,155.74001,2
92.080002,123.4,2
97.800003,135.3,2
102.36,119.66,2
117.24,132.8,2
111.62,142.22,2
127.28,147.60001,2
99.82,119.94,2
133.64,156.58,2
123.08,150.0,2
116.4,151.98,2
98.339996,137.59999,2
123.42,151.3,2
131.17999,151.46001,2
63.599998,94.599998,1
66.599998,87.0,1
76.800003,99.400002,1
,113.8,3
120.8,134.8,3
61.0,85.0,1
84.400002,113.2,2
,93.400002,1
66.599998,87.199997,1
51.400002,86.199997,1
60.799999,103.4,1
115.2,133.60001,0
,152.0,3
108.2,124.2,1
99.400002,123.2,1
69.0,85.0,1
,,3
,80.599998,1
60.799999,98.0,1
103.6,85.400002,0
70.800003,102.2,1
97.800003,131.39999,2
80.0,101.2,1
127.2,159.0,3
,100.4,1
,74.0,3
,79.0,3
130.8,173.39999,0
120.0,166.2,3
76.400002,83.400002,1
84.800003,110.6,1
114.0,95.400002,0
110.0,96.800003,0
139.2,165.39999,3
133.8,186.39999,3
114.6,95.0,0
72.800003,97.599998,1
120.8,122.8,0
,,3
113.4,136.39999,3
138.8,188.0,3
117.0,125.0,3
67.800003,94.599998,1
77.800003,102.6,1
116.4,112.0,2
74.400002,89.0,1
128.2,154.8,0
,138.0,3
124.6,145.39999,3
63.200001,94.400002,1
111.0,118.0,0
77.400002,89.199997,1
,74.199997,3
69.599998,85.599998,1
115.6,94.0,0
71.400002,78.0,1
116.6,136.0,1
,77.199997,1
73.0,95.800003,1
123.2,188.39999,3
73.599998,85.0,1
96.800003,96.400002,1
60.599998,87.0,1
67.400002,76.199997,1
119.6,146.2,0
72.0,95.199997,2
56.400002,98.199997,1
99.800003,80.800003,3
122.8,92.599998,0
68.800003,82.400002,1
108.6,113.0,3
95.800003,98.0,3
124.4,146.0,3
106.8,77.599998,0
95.400002,112.2,1
128.2,153.0,3
114.4,90.400002,0
102.8,136.0,3
108.8,114.2,2
122.8,120.4,3
90.199997,99.0,1
97.199997,79.800003,3
,105.4,3
59.400002,56.599998,3
,93.599998,1
117.6,130.2,0
114.2,138.39999,3
128.8,171.8,3
88.400002,120.4,1
130.8,145.60001,0
112.4,148.60001,0
112.4,95.800003,1
121.8,133.8,3
125.0,164.39999,3
122.4,173.60001,3
94.800003,79.800003,3
126.8,142.8,0
95.800003,95.199997,3
78.599998,87.400002,1
111.4,126.0,0
90.599998,89.599998,1
116.6,140.8,0
61.0,96.400002,1
63.599998,93.199997,1
80.800003,90.0,1
82.800003,89.800003,2
84.800003,95.800003,1
87.800003,,2
83.599998,119.8,1
86.800003,111.2,1
96.0,114.4,2
,,2
90.400002,118.4,2
105.0,88.400002,2
,,2
92.400002,80.0,2
97.0,,2
93.0,97.400002,2
88.800003,100.4,2
86.599998,121.6,1
85.0,114.0,1
75.599998,112.4,1
87.400002,,2
86.0,124.6,1
94.199997,111.6,2
85.400002,,2
86.400002,103.2,2
90.400002,123.0,1
99.199997,100.8,2
80.199997,,2
80.400002,105.0,2
75.599998,115.0,1
75.0,103.4,2
102.0,123.6,2
82.800003,93.400002,1
86.800003,,2
77.599998,85.800003,2
101.2,98.400002,2
93.599998,96.599998,2
84.800003,90.599998,2
86.599998,130.0,1
89.599998,,2
84.599998,92.400002,2
86.599998,,2
80.400002,121.0,1
83.199997,88.800003,2
84.599998,103.0,1
80.199997,85.199997,2
93.599998,124.2,2
93.599998,112.0,2
,,2
99.400002,107.2,2
83.599998,97.599998,2
99.800003,122.8,1
95.199997,99.199997,2
88.199997,122.2,1
88.400002,112.0,1
73.400002,,2
99.0,109.4,2
90.400002,91.599998,2
87.199997,,2
72.800003,103.4,2
94.599998,116.6,2
83.599998,102.8,2
83.199997,,2
78.400002,,2
88.199997,95.0,2
88.0,112.2,2
78.199997,110.6,1
101.0,127.6,1
76.0,112.8,1
82.800003,108.6,1
,,2
101.8,125.4,1
89.199997,108.8,2
77.599998,,2
93.199997,128.2,2
73.0,107.0,1
,,2
101.0,94.400002,2
95.400002,107.8,2
81.0,,2
90.800003,95.400002,2
78.599998,101.0,2
80.199997,97.800003,1
92.800003,90.800003,2
85.0,,2
85.199997,103.0,1
89.800003,117.4,2
87.800003,,2
95.400002,128.39999,1
100.4,123.4,2
87.599998,,2
78.400002,,2
91.400002,105.8,2
,,2
81.0,,2
87.599998,113.0,2
82.199997,,2
86.199997,104.8,2
87.0,,2
81.0,113.4,2
91.0,94.800003,2
94.800003,113.8,2
104.4,119.8,1
92.800003,103.0,2
96.599998,114.0,1
94.599998,125.4,1
83.400002,124.2,1
92.0,,2
106.0,132.60001,1
95.800003,126.6,1
91.199997,105.2,2
95.400002,128.8,2
97.400002,117.0,1
74.199997,107.0,2
88.400002,,2
101.6,107.8,2
,,1
42.0,,1
59.0,,1
,,1
65.019997,105.78,1
53.66,,1
37.34,,1
40.0,,1
56.0,111.36,1
,,1
,,1
,,1
65.779999,110.94,1
46.279999,,1
62.540001,102.02,1
38.34,,1
54.5,,1
,129.46001,1
60.68,,1
60.0,,1
63.48,129.42,1
,,1
,,1
70.620003,,1
36.200001,,1
,,1
69.5,,1
,,1
,,1
34.0,,1
49.0,,1
71.0,119.14,1
,135.25999,1
,107.66,1
,,1
53.34,,1
,,1
72.639999,127.68,1
78.059998,119.3,1
,,1
49.0,117.4,1
,,1
,,1
45.0,,1
,,1
,,1
88.18,109.82,1
63.98,,1
,,1
51.0,,1
58.84,,1
63.0,118.2,1
,,1
,,1
47.0,,1
42.579998,,1
54.599998,,1
,,1
,,1
51.200001,123.54,1
58.220001,,1
,,1
,,2
,,2
,,2
,,2
,,2
,,2
,,2
,,2
,,2
,,2
,,2
,,2
,,2
,,2
,,2
,,2
86.199997,,2
86.800003,109.7,2
93.599998,120.08,2
76.400002,99.019997,2
93.480003,129.22,2
92.519997,108.96,2
97.599998,112.06,2
78.0,95.139999,2
100.3,123.8,2
88.599998,97.919998,2
93.18,,2
94.400002,111.02,2
97.400002,100.28,2
103.6,115.02,2
92.82,99.139999,2
79.199997,94.32,2
104.34,128.14,2
70.160004,96.0,2
92.400002,131.42,2
102.86,108.54,2
86.760002,91.699997,2
90.199997,110.44,2
92.300003,119.6,2
,,2
,,2
,,2
,,2
,,2
,,2
,,2
,,2
,,2
,,2
84.0,,0
,,2
91.68,120.6,2
74.419998,84.599998,0
73.0,,0
94.919998,110.0,0
,,0
91.82,120.0,2
101.0,125.0,0
73.480003,,2
90.68,120.8,2
99.739998,122.6,2
97.860001,112.4,2
96.919998,107.0,2
80.32,,0
78.779999,,0
,,0
74.940002,,0
98.160004,115.6,2
,,0
76.559998,,2
77.0,,2
97.080002,128.8,2
75.900002,,0
92.580002,99.800003,2
80.879997,,0
,,2
70.839996,85.400002,0
104.12,120.2,2
95.160004,112.2,2
76.480003,,0
101.1,128.39999,0
94.540001,122.2,2
98.0,129.2,2
84.559998,,0
,,2
83.139999,110.2,2
90.300003,107.4,2
95.639999,112.0,2
72.68,,0
91.919998,117.0,2
,,0
69.279999,,2
90.519997,115.2,2
79.340004,,0
103.94,126.4,2
89.919998,109.4,2
,,0
78.779999,,0
88.720001,115.4,2
70.959999,,2
,,2
74.419998,,2
80.760002,109.4,2
77.520004,,2
100.6,123.6,2
78.5,117.6,0
102.26,130.2,2
91.360001,110.2,2
79.120003,,0
75.160004,97.0,2
80.739998,102.6,2
82.620003,,2
76.559998,,2
82.620003,111.6,0
,,2
76.639999,,2
79.32,,0
76.659996,,0
94.68,112.2,2
76.599998,,0
,,0
101.46,123.2,2
89.220001,110.8,0
102.46,120.6,2
96.239998,127.8,0
,,0
93.639999,107.4,2
103.0,123.0,0
90.040001,107.0,2
88.660004,111.2,2
91.139999,,2
69.220001,,0
79.800003,,2
85.779999,111.6,2
72.300003,104.8,0
67.0,97.199997,0
86.879997,117.4,2
82.019997,140.2,0
112.6,152.8,2
109.64,151.60001,2
75.660004,,2
110.16,156.2,2
71.800003,104.8,2
95.059998,157.60001,2
82.480003,120.0,2
80.0,119.0,0
66.400002,102.8,0
113.64,146.60001,2
64.199997,101.4,2
107.9,150.8,2
117.64,158.39999,2
75.400002,132.2,2
124.28,150.39999,2
114.72,153.0,2
118.8,150.8,2
113.96,158.60001,2
84.660004,149.39999,0
102.58,139.39999,2
119.8,150.0,2
73.0,130.8,2
86.360001,118.6,2
70.800003,,2
121.22,143.60001,2
78.279999,119.4,2
101.6,155.2,2
,92.0,0
,,2
86.639999,140.8,0
,,2
,,2
108.2,149.8,2
84.199997,136.39999,2
95.0,144.0,2
112.66,156.60001,2
72.199997,113.0,0
63.599998,93.0,0
127.4,153.39999,2
102.52,142.0,2
89.599998,117.6,2
77.599998,118.6,2
118.8,152.39999,2
97.5,142.39999,2
116.74,158.0,2
103.02,137.60001,2
67.800003,106.8,0
113.9,157.0,2
76.220001,131.0,2
59.400002,104.4,0
80.800003,111.4,2
83.300003,137.2,2
70.800003,108.2,0
90.0,152.2,2
89.199997,,2
70.800003,104.8,0
107.98,151.39999,2
110.92,160.0,2
111.86,151.39999,2
106.7,147.2,2
58.400002,88.800003,0
,,2
108.94,149.60001,2
93.440002,122.6,2
116.8,161.0,2
90.400002,134.8,2
115.16,153.2,2
98.400002,154.39999,0
96.099998,153.60001,2
77.599998,114.8,2
69.0,150.2,0
113.8,161.2,2
73.0,110.6,2
123.78,154.0,2
97.18,143.39999,2
122.28,153.60001,2
80.199997,124.4,0
118.84,158.39999,2
98.199997,137.8,2
99.82,144.39999,2
,,1
57.099998,100.16,1
57.099998,,1
47.580002,,1
56.580002,92.980003,1
,138.72,1
49.279999,91.919998,1
52.52,99.019997,1
43.720001,83.68,1
39.799999,,1
50.880001,116.86,1
37.200001,,1
45.639999,91.68,1
,125.48,1
52.799999,,1
42.880001,,1
76.659996,110.4,1
50.34,,1
48.779999,,1
63.68,,1
47.48,,1
47.139999,97.160004,1
40.48,,1
44.200001,,1
47.299999,106.02,1
57.139999,115.74,1
,127.66,1
,127.7,1
52.200001,75.599998,1
47.02,,1
41.900002,,1
40.439999,,1
44.32,,1
43.079998,,1
39.48,,1
48.419998,94.099998,1
45.279999,,1
38.599998,,1
41.919998,,1
43.779999,,1
57.400002,77.099998,1
,127.08,1
56.920002,,1
44.400002,97.779999,1
52.84,110.14,1
44.48,,1
50.220001,89.860001,1
49.380001,86.300003,1
52.579998,94.040001,1
49.040001,,1
45.34,,1
61.740002,110.16,1
56.48,,1
60.260002,103.1,1
48.32,,1
43.200001,,1
55.5,,1
62.18,,1
58.299999,,1
,116.66,1
48.68,104.52,1
47.259998,94.720001,1
,127.26,1
43.380001,,1
39.739998,,1
49.540001,,1
,128.98,1
,126.36,1
60.200001,97.5,1
50.559998,93.459999,1
50.040001,,1
,116.5,1
58.84,89.760002,1
47.0,,1
,127.06,1
,131.36,1
42.52,,1
42.02,87.660004,1
47.939999,,1
44.060001,,1
61.0,99.659996,1
70.220001,122.84,1
85.159996,112.74,2
85.739998,114.68,2
101.74,121.68,2
90.739998,110.0,2
63.939999,107.3,1
76.479996,129.10001,1
68.379997,107.32,1
71.919998,100.76,2
83.620003,106.32,1
80.720001,111.14,2
93.779999,124.16,2
88.559998,123.14,1
80.599998,109.18,2
77.699997,109.9,2
77.959999,,1
92.18,120.08,1
93.599998,128.89999,2
,,1
78.260002,106.04,1
59.900002,104.88,1
87.659996,123.08,2
72.159996,,2
100.7,114.08,2
88.059998,121.02,1
94.379997,113.96,2
80.18,101.12,1
79.279999,108.38,1
61.799999,,2
69.099998,123.84,1
63.279999,,1
90.300003,100.92,2
86.220001,102.82,2
70.220001,,1
57.84,,2
97.160004,135.92,1
75.220001,112.32,2
73.540001,99.540001,2
84.860001,103.36,2
63.540001,85.419998,1
86.800003,112.84,2
86.68,111.3,2
74.300003,88.879997,1
75.360001,,1
96.639999,128.88,2
84.120003,125.25999,2
79.339996,,2
66.839996,,2
81.32,117.64,1
74.199997,122.08,1
79.940002,91.599998,2
79.199997,96.860001,1
97.739998,105.72,2
67.919998,,1
90.959999,125.56,2
61.899998,111.28,1
94.480003,107.52,2
92.5,108.66,2
85.479996,105.56,2
85.32,114.42,2
63.0,,1
82.400002,108.36,2
80.360001,,2
71.639999,86.120003,2
94.239998,120.94,2
93.979996,115.08,2
80.360001,96.459999,1
96.900002,147.5,1
72.82,99.339996,1
85.300003,107.7,2
91.220001,105.6,2
78.139999,93.540001,1
108.22,142.5,1
69.260002,96.519997,1
88.139999,109.46,2
,,1
75.099998,113.94,2
64.400002,,1
97.720001,131.72,1
95.400002,121.52,2
78.660004,100.38,2
77.099998,,2
97.779999,114.3,2
92.139999,122.04,1
60.18,90.599998,1
70.080002,,1
87.459999,107.22,2
88.779999,113.14,2
82.540001,104.88,2
83.279999,122.46,2
67.82,,2
61.32,109.86,1
99.019997,126.98,2
66.120003,94.220001,1
,126.34,2
73.839996,106.54,2
93.739998,125.1,2
93.540001,131.44,2
90.400002,110.34,2
96.760002,113.94,2
102.72,144.01999,1
56.16,,2
90.900002,108.68,2
107.98,138.82001,1
,,1
85.82,104.48,2
,,1
73.459999,,2
68.480003,99.860001,1
92.559998,108.62,2
65.199997,,2
74.82,103.5,1
73.340004,,2
84.200005,106.36,2
74.540001,,2
121.74,154.81999,2
101.38,139.39999,2
112.4,128.28,0
106.62,92.019997,0
103.68,136.3,0
97.220001,138.39999,2
110.36,136.48,0
60.02,84.599998,0
103.56,148.0,0
122.82,158.02,0
95.720001,128.38,2
107.32,128.7,2
94.599998,108.68,2
81.239998,120.62,2
120.68,165.38,0
93.040001,149.74001,0
113.06,118.8,0
124.72,154.92,2
98.639999,133.56,2
88.520004,128.08,2
99.599998,145.01999,0
86.720001,132.17999,2
100.68,109.1,0
126.76,161.46001,0
119.56,104.2,0
80.839996,121.56,2
98.459999,133.42,2
97.040001,128.82001,2
106.86,151.64,0
123.62,150.02,2
120.76,149.42,2
120.34,126.9,0
106.98,117.82,0
100.9,110.88,2
114.6,118.96,0
97.540001,135.44,0
126.94,151.42,0
101.6,,0
104.58,134.75999,2
123.28,157.14,2
120.96,163.60001,2
122.56,139.0,0
101.2,130.92,0
116.52,115.3,0
117.0,152.72,0
100.6,,0
112.78,139.94,2
115.04,121.62,2
83.660004,98.639999,2
130.38,163.89999,2
114.36,138.0,0
93.019997,110.22,0
100.42,89.440002,0
77.040001,111.14,2
97.580002,105.86,2
119.5,154.22,0
84.919998,134.92,0
93.0,129.54001,0
91.580002,140.48,0
95.639999,120.36,2
113.42,146.03999,2
118.3,145.72,0
101.28,127.84,2
90.480003,99.599998,2
123.12,129.58,2
89.540001,94.440002,2
75.800003,92.199997,2
124.7,137.8,0
132.28,170.7,0
92.300003,129.72,2
102.32,137.42,2
118.32,142.75999,2
114.94,119.98,0
86.279999,107.8,2
105.04,153.7,0
118.18,126.68,2
94.32,108.4,2
98.860001,128.7,2
118.06,137.48,0
117.08,129.28,2
98.599998,129.78,0
100.06,145.24001,2
106.12,142.3,0
86.32,122.44,2
123.82,140.62,2
101.86,,0
83.339996,125.96,2
107.66,141.3,0
94.559998,126.38,2
80.220001,121.58,2
112.0,130.16,2
107.5,139.58,2
122.42,157.98001,2
,,2
,,2
,,2
,,2
,,2
,,2
,,2
,,2
,,2
,,2
75.800003,,2
91.199997,90.300003,2
75.599998,,2
83.400002,,2
90.199997,94.32,2
89.400002,78.639999,2
88.599998,83.840004,2
88.599998,81.900002,2
93.0,91.440002,2
84.800003,89.760002,2
90.800003,84.260002,2
79.800003,,2
95.400002,92.739998,2
82.800003,69.5,2
93.0,77.300003,2
98.0,88.639999,2
85.800003,92.0,2
91.400002,104.4,2
91.599998,101.4,2
87.699997,102.6,2
92.5,107.8,2
89.339996,101.8,2
88.300003,93.599998,2
91.599998,103.4,2
90.919998,113.4,2
96.120003,96.400002,2
91.739998,96.0,2
91.0,91.400002,2
93.599998,99.0,2
88.699997,103.8,2
80.599998,86.0,2
84.400002,108.2,2
88.599998,100.2,2
90.099998,105.8,2
91.599998,90.0,2
91.599998,103.6,2
91.300003,106.0,2
91.699997,105.2,2
91.059998,106.6,2
90.199997,102.6,2
90.919998,103.8,2
95.520004,98.599998,2
89.900002,100.2,2
92.260002,101.6,2
91.360001,102.8,2
93.660004,102.4,2
93.5,87.800003,2
94.059998,107.0,2
89.099998,96.599998,2
90.699997,99.599998,2
,,2
99.099998,99.800003,2
92.400002,95.800003,2
94.599998,104.8,2
87.599998,78.800003,2
99.699997,109.0,2
84.0,101.8,2
87.459999,99.800003,2
84.019997,96.599998,2
92.0,113.4,2
93.0,84.199997,2
91.599998,93.0,2
86.699997,93.0,2
93.800003,95.199997,2
,,2
97.919998,104.4,2
89.659996,103.4,2
,,2
90.300003,111.4,2
91.099998,99.599998,2
70.800003,70.800003,1
63.799999,59.200001,2
75.800003,,2
75.0,78.400002,1
69.639999,,2
68.059998,,2
89.199997,108.6,1
76.0,92.599998,1
77.199997,87.0,1
67.0,79.400002,1
72.800003,,2
71.800003,78.400002,2
67.199997,69.800003,1
63.799999,81.599998,2
101.8,121.2,1
83.199997,112.2,1
61.0,64.199997,1
75.599998,77.400002,1
69.0,77.0,1
76.0,95.599998,2
89.0,110.4,1
82.800003,,2
60.400002,62.400002,1
80.199997,82.0,1
74.599998,89.800003,1
72.800003,,1
96.400002,122.0,1
73.0,74.199997,1
77.800003,79.599998,1
78.400002,90.199997,1
59.799999,,1
68.800003,79.400002,1
71.800003,71.400002,2
54.0,80.599998,1
59.799999,,1
73.199997,86.199997,1
57.200001,71.199997,1
84.800003,91.800003,1
71.400002,65.800003,1
71.599998,73.599998,1
65.599998,74.400002,1
78.599998,,2
88.199997,106.0,2
76.599998,92.0,1
67.0,70.199997,1
98.599998,118.8,1
69.199997,85.400002,2
71.400002,74.0,1
80.400002,97.400002,1
61.400002,72.599998,1
81.800003,100.8,1
70.400002,66.800003,1
73.599998,,2
62.599998,,2
83.0,81.0,1
62.799999,67.400002,1
73.0,,2
60.200001,,1
59.599998,70.800003,1
66.199997,74.199997,1
72.599998,,1
71.599998,80.0,1
75.400002,98.599998,1
76.199997,73.800003,1
96.400002,105.6,1
100.4,121.0,1
80.599998,86.199997,1
93.199997,112.6,1
67.400002,76.199997,2
80.0,82.599998,1
58.200001,,1
71.800003,75.599998,1
63.0,69.400002,1
75.800003,80.0,1
63.0,76.599998,2
69.599998,78.0,1
65.0,,1
74.0,83.400002,1
67.0,63.200001,1
74.800003,82.0,1
60.200001,74.599998,2
70.800003,90.199997,2
65.599998,,2
83.199997,96.199997,2
96.0,123.4,1
68.599998,83.800003,1
50.799999,,1
62.200001,,1
51.599998,74.199997,1
88.400002,113.0,1
71.599998,,2
82.0,89.599998,1
71.400002,94.599998,2
78.599998,84.400002,1
78.599998,94.199997,2
64.400002,,2
,57.759998,0
60.099998,112.5,0
79.360001,79.599998,0
,,0
46.939999,73.660004,0
,51.439999,0
,,0
64.32,84.839996,0
72.620003,119.18,0
,,0
73.300003,122.93999,0
,,0
,78.239998,0
70.459999,,0
60.119999,94.239998,0
80.279999,95.099998,0
72.800003,67.82,0
69.300003,100.72,0
49.380001,,0
80.720001,103.58,0
,62.02,0
95.860001,132.0,0
65.919998,118.2,0
56.5,85.959999,0
62.619999,86.5,0
53.200001,90.099998,0
57.32,89.379997,0
72.480003,89.220001,0
,108.04,0
40.66,91.059998,0
,57.799999,0
58.360001,95.260002,0
40.0,95.779999,0
61.0,102.76,0
39.639999,86.120003,0
,90.620003,0
74.099998,122.02,0
,61.760002,0
80.160004,125.0,0
,60.02,0
66.040001,122.88,0
,,0
,,0
,,0
,62.380001,0
87.379997,113.5,0
61.439999,97.839996,0
,,0
83.800003,118.24,0
58.439999,102.2,0
47.540001,78.400002,0
49.740002,78.620003,0
,,0
92.879997,99.860001,2
114.34,132.24001,2
100.62,110.22,2
96.540001,114.18,2
89.019997,119.56,2
107.22,127.78,2
92.099998,,2
98.760002,117.62,2
105.86,114.92,2
90.779999,95.699997,2
113.0,135.58,2
115.48,136.64,2
97.440002,105.56,2
111.88,139.36,2
101.08,108.5,2
112.7,115.82,2
115.64,136.44,2
,,2
114.44,138.22,2
107.86,136.08,2
104.5,125.4,2
118.16,129.95999,2
104.56,126.78,2
109.56,129.48,2
101.32,115.88,2
116.04,135.89999,2
90.279999,102.46,2
91.5,104.9,2
114.02,129.25999,2
84.739998,109.3,2
105.92,119.46,2
115.36,125.93999,2
108.26,132.89999,2
90.360001,84.080002,2
117.78,141.7,2
104.22,125.25999,2
93.900002,115.6,2
101.76,111.14,2
113.62,124.44,2
94.879997,91.839996,2
90.260002,,2
105.76,119.74,2
,,2
92.459999,101.18,2
100.08,126.08,2
103.76,133.04001,2
102.14,119.02,2
119.76,139.56,2
104.98,133.32001,2
96.080002,110.6,2
105.4,132.64,2
98.739998,106.48,2
97.139999,109.6,2
110.9,133.86,2
115.3,138.64,2
88.339996,109.98,2
113.9,134.38,2
99.5,107.7,2
104.28,125.5,2
99.620003,113.92,2
84.980003,90.260002,2
106.58,120.56,2
111.66,124.78,2
97.620003,128.48,2
107.82,116.56,2
95.5,103.92,2
95.520004,108.8,2
118.34,138.44,2
112.34,131.2,2
104.22,120.76,2
104.1,126.08,2
116.72,136.42,2
96.879997,108.9,2
114.78,126.92,2
110.68,137.58,2
101.22,103.48,2
96.239998,109.88,2
96.32,121.68,2
100.96,98.559998,2
105.06,136.2,2
121.42,133.89999,2
96.020004,99.099998,2
107.8,129.8,2
99.82,107.26,2
105.66,117.08,2
105.16,122.5,2
112.18,130.75999,2
110.0,124.66,2
,,1
,102.08,3
,,1
98.239998,151.34,3
,,3
,,3
55.32,91.360001,1
74.940002,78.559998,3
80.720001,,3
,,3
,,1
56.940002,94.059998,1
106.62,159.03999,0
65.940002,,1
,,1
,76.980003,3
,,3
52.34,74.82,1
,,1
,78.860001,3
,,1
,,3
,142.38,3
,,3
73.860001,99.520004,3
63.760002,,3
54.200001,,3
,,3
,,3
,152.34,3
,97.059998,1
54.860001,100.48,1
,,3
,,3
66.699997,,1
,89.959999,3
,,3
,,3
,,1
,83.400002,1
,,1
,,3
,,3
74.139999,93.300003,1
,73.639999,1
61.040001,,1
61.48,132.0,3
,,3
49.98,70.720001,1
,,1
61.66,120.92,1
,,3
52.16,81.559998,1
,81.879997,1
64.980003,104.56,1
59.119999,94.860001,1
51.16,,1
46.700001,84.199997,1
,,1
,,1
,,1
60.759998,,1
,98.080002,1
,,1
,,3
,,1
,,1
82.260002,109.08,1
,,3
110.12,169.02,3
,56.200001,3
,,1
,90.400002,1
,,1
74.5,,3
,,3
,,3
80.540001,93.040001,2
92.300003,,2
96.760002,95.779999,2
95.139999,82.580002,2
97.160004,90.379997,2
86.139999,93.800003,2
96.360001,108.22,2
88.559998,87.080002,2
88.940002,91.559998,2
95.540001,95.68,2
84.339996,93.040001,2
89.400002,,2
79.980003,75.82,2
95.760002,99.400002,2
102.36,102.48,2
98.559998,93.419998,2
85.959999,93.760002,2
97.580002,82.400002,2
86.739998,96.459999,2
94.940002,100.06,2
84.139999,95.480003,2
87.360001,88.620003,2
95.519997,,2
85.699997,80.059998,2
94.32,95.419998,2
93.559998,85.599998,2
88.400002,,2
88.339996,98.900002,2
88.760002,87.580002,2
94.540001,,2
98.540001,95.5,2
92.139999,96.239998,2
91.980003,88.540001,2
88.540001,89.279999,2
86.300003,88.220001,2
104.76,101.52,2
98.559998,100.62,2
97.32,99.580002,2
83.940002,86.080002,2
87.540001,81.300003,2
93.559998,92.019997,2
91.800003,,2
93.540001,99.839996,2
98.739998,101.42,2
80.379997,,2
84.339996,,2
84.760002,88.419998,2
91.739998,87.220001,2
85.139999,96.980003,2
84.540001,87.400002,2
,,2
81.5,,2
87.959999,82.900002,2
81.139999,83.279999,2
82.739998,91.040001,2
94.360001,79.119995,2
81.660004,76.419998,2
83.559998,88.279999,2
88.959999,78.860001,2
85.360001,92.440002,2
93.519997,95.400002,2
90.440002,,2
96.160004,85.019997,2
84.900002,85.580002,2
96.540001,90.779999,2
89.779999,86.260002,2
85.739998,102.7,2
,,2
,,2
,,2
,,2
,,2
41.279999,,1
50.619999,49.799999,1
67.979996,54.200001,1
45.139999,49.200001,1
59.68,57.400002,1
53.279999,53.400002,1
60.5,,1
58.040001,58.200001,1
73.480003,71.0,1
71.279999,,1
55.220001,,1
56.779999,,1
61.779999,67.400002,1
79.119995,72.599998,1
60.32,57.799999,1
68.099998,71.0,1
75.860001,67.599998,1
64.32,57.799999,1
47.540001,47.400002,1
55.380001,,1
67.599998,66.0,1
60.200001,59.0,1
58.440002,,1
43.540001,,1
64.279999,58.200001,1
66.360001,71.599998,1
54.619999,51.200001,1
59.380001,55.400002,1
62.099998,56.200001,1
39.68,,1
65.120003,65.800003,1
51.380001,78.800003,1
35.060001,,1
69.699997,68.199997,1
70.32,71.400002,1
51.459999,48.599998,1
49.799999,,1
72.800003,70.199997,1
44.139999,,1
66.959999,63.599998,1
59.779999,50.400002,1
58.040001,52.200001,1
71.68,71.400002,1
51.920002,,1
64.239998,64.0,1
56.419998,,1
42.799999,79.620003,0
55.900002,99.839996,0
80.199997,88.040001,0
60.060001,93.360001,0
74.160004,124.86,2
55.139999,129.53999,0
49.540001,75.639999,0
,92.980003,0
87.760002,118.58,0
57.880001,87.0,0
52.98,90.979996,0
56.860001,112.4,0
87.520004,123.92,2
67.659996,125.98,0
35.240002,59.060001,0
,,0
51.540001,90.660004,0
55.139999,117.98,0
73.300003,120.54,2
37.040001,53.540001,0
50.760002,94.360001,0
38.720001,103.34,0
105.14,102.44,0
39.360001,105.1,0
65.239998,119.98,0
52.239998,66.160004,0
39.68,51.260002,0
66.760002,132.16,0
50.239998,84.379997,0
56.419998,108.0,0
,,0
76.220001,88.199997,0
60.600002,104.4,0
44.400002,73.580002,0
43.200001,,0
42.919998,81.339996,0
78.699997,58.560001,0
62.119999,113.4,0
71.059998,119.3,2
77.300003,,0
84.360001,130.3,2
88.540001,83.980003,0
68.440002,125.92,2
44.459999,96.979996,0
55.66,126.14,0
72.760002,58.380001,0
44.759998,45.779999,0
53.5,96.639999,0
84.939995,129.39999,2
90.379997,134.84,2
56.759998,59.0,0
47.459999,59.279999,0
53.619999,89.260002,0
62.02,131.58,0
49.16,85.099998,0
65.660004,,0
53.459999,111.66,0
66.400002,,0
,93.300003,0
88.68,101.9,0
43.619999,57.200001,0
75.279999,119.54,2
92.620003,130.12,2
63.299999,92.919998,0
68.620003,108.64,0
39.220001,,0
,,2
68.0,106.6,1
68.800003,103.4,1
65.599998,107.4,2
81.0,104.8,2
64.400002,90.199997,1
76.599998,,2
72.599998,109.4,1
73.199997,109.6,1
75.199997,,2
62.400002,103.4,1
67.199997,92.199997,1
75.800003,,2
67.0,,1
80.199997,,2
72.199997,109.4,1
73.400002,96.199997,1
78.599998,97.599998,2
64.0,,1
60.799999,91.800003,1
67.599998,109.4,1
67.599998,90.199997,1
76.599998,116.6,1
64.199997,91.0,1
76.800003,90.800003,2
74.400002,125.8,1
77.400002,108.0,1
75.800003,113.6,1
79.0,,2
71.0,90.599998,2
76.0,111.6,2
82.599998,97.400002,2
59.799999,,1
73.0,,2
61.0,83.599998,1
66.800003,83.800003,1
70.599998,,2
74.0,94.800003,1
70.800003,94.800003,1
76.0,114.4,1
64.599998,92.0,1
64.0,,1
73.400002,113.8,1
66.599998,,1
81.400002,93.599998,2
103.2,,2
75.599998,,2
108.6,131.60001,1
74.199997,112.2,1
66.800003,127.0,1
54.799999,,1
75.400002,103.6,1
77.199997,,1
68.800003,95.0,1
68.800003,87.800003,1
73.0,101.6,1
71.599998,98.199997,1
72.400002,103.2,1
64.599998,102.2,1
65.599998,111.2,1
68.800003,95.0,1
70.400002,91.199997,1
83.599998,123.8,1
71.400002,107.6,1
78.199997,,2
89.0,122.6,1
76.599998,,2
67.199997,82.599998,1
77.800003,,2
71.199997,97.800003,1
69.800003,,2
61.799999,81.599998,1
65.599998,,1
89.599998,122.4,1
67.800003,97.199997,1
72.400002,,2
67.199997,95.800003,2
78.599998,,2
60.200001,104.6,1
71.199997,,1
66.599998,95.800003,1
84.400002,,2
84.199997,101.8,1
62.400002,98.599998,1
75.400002,90.599998,1
,,2
73.800003,,2
65.199997,,2
73.199997,103.8,1
80.400002,91.599998,2
66.599998,87.800003,1
80.599998,116.2,1
74.0,99.599998,2
66.599998,104.8,1
72.599998,,1
,,3
,,3
,,1
,,1
,,3
,,0
58.66,89.099998,3
59.120003,81.940002,3
119.78,145.25999,0
,,3
53.299999,59.799999,3
,,3
59.220001,53.119999,3
51.059998,71.419998,3
81.639999,73.18,3
,,3
,,3
,,3
,117.16,1
72.419998,,1
,97.059998,3
120.4,,3
,,3
,,3
54.580002,92.400002,3
,,3
53.239998,63.380001,3
78.139999,85.300003,1
,,3
82.440002,82.5,3
,,1
118.1,154.54001,0
,,1
144.34,184.86,0
,,1
,,1
,,3
,,3
,,0
,,3
,,3
,72.0,3
,,3
80.120003,85.68,3
63.139999,,3
,80.0,3
,,3
,76.099998,3
51.779999,53.759998,3
,,3
,,3
,,3
131.24001,188.64,0
,57.799999,3
,,3
129.94,153.3,0
,88.279999,1
,,3
55.899998,74.620003,3
,,3
,,3
,,3
67.919998,,3
,,3
,,3
,,3
53.82,73.480003,3
,,3
,70.440002,3
52.98,77.620003,3
,74.019997,1
59.200001,69.040001,3
,,3
126.26,136.60001,3
,,3
72.739998,81.32,1
,,1
,,3
75.879997,106.92,3
,,3
,,1
,,3
,64.080002,3
,,3
61.760002,60.119999,3
53.599998,67.260002,3
130.58,161.48,3
,79.339996,3
,,1
73.220001,76.559998,3
57.959999,57.68,3
133.0,148.62,3
,,3
,,3
121.36,177.23999,3
,,3
,,1
68.040001,83.300003,1
,,1
133.84,191.2,0
,,3
50.18,53.200001,3
,,3
,,3
80.800003,48.939999,3
46.400002,73.419998,3
,,3
,,3
,,1
55.139999,112.46,1
,,3
,,3
,,1
113.0,184.75999,3
,,3
,,3
76.880005,80.119995,1
,,1
,,1
,,3
56.52,36.200001,3
,61.34,3
,,3
46.0,44.899998,3
,,3
,,3
,,3
,,3
,,1
,,3
,,3
86.879997,,3
59.799999,,3
,,3
,86.940002,1
131.24001,156.38,0
,,3
,,3
46.060001,59.0,3
44.619999,62.900002,3
,,3
,,1
51.98,72.379997,3
,182.74001,3
45.32,37.02,3
,,3
116.92,,3
,,3
,,3
52.779999,73.0,3
,,3
,,3
,,1
,,3
,,3
79.779999,69.260002,1
,,3
87.480003,89.779999,3
,,3
,,3
51.360001,79.619995,3
,,3
,,3
,,3
,,1
123.46,189.44,3
,,1
,,3
,,1
,86.139999,3
,,1
,,3
65.139999,52.639999,3
,164.02,3
,,0
,,1
,,3
,,1
,,3
139.36,185.42,0
,,3
,,1
,,0
,,3
,,1
123.22,145.68001,0
,,3
,,3
,117.96,1
,,3
65.639999,72.839996,1
,188.39999,3
66.659996,83.68,3
,,3
,,3
,,1
,,1
,,1
,,1
66.239998,54.759998,3
,,3
,,3
,,3
,,3
,,1
125.52,184.34,0
36.32,,1
,,3
,45.759998,3
,,3
,,3
,,3
,,3
141.08,148.28,0
,,3
,,3
,,3
,,3
,,1
,104.88,3
62.02,56.259998,3
,,1
,,1
,,1
,,3
94.379997,111.02,3
,,3
,,3
69.080002,89.0,1
,,3
77.740005,72.220001,3
49.419998,57.759998,3
,,3
88.040001,100.14,1
,,3
,,3
,,3
89.959999,69.940002,3
52.860001,72.220001,3
50.98,61.459999,3
,,3
,,1
109.96,,3
,,3
,,3
89.720001,78.340004,3
,,2
,,2
,,2
,,2
,,2
,,2
,,2
,,2
,,2
,,2
,,2
,,2
,,2
,,2
90.5,115.8,2
76.599998,92.199997,2
92.199997,,2
77.300003,88.800003,2
70.400002,,2
70.800003,74.400002,2
85.699997,98.599998,2
90.300003,,2
74.0,,2
94.5,,2
88.0,74.800003,2
67.099998,26.799999,1
91.0,,2
70.400002,,2
68.400002,63.0,2
78.800003,104.6,2
84.699997,,2
86.900002,111.6,1
73.0,87.400002,2
76.300003,,1
87.599998,100.0,2
88.400002,,2
82.800003,87.0,2
73.900002,77.0,2
92.800003,,2
71.800003,78.800003,1
86.5,100.4,1
82.300003,,2
88.300003,96.199997,2
85.599998,,2
73.0,,2
79.0,74.599998,2
77.300003,88.400002,2
91.099998,,2
81.5,102.0,1
70.300003,88.800003,2
91.0,,2
82.400002,,2
71.900002,78.800003,1
71.599998,69.199997,2
74.800003,101.8,2
76.599998,88.0,1
71.300003,,2
86.400002,,2
80.5,102.4,1
91.300003,92.400002,1
86.300003,86.0,1
88.900002,90.599998,2
86.099998,99.599998,1
84.699997,99.199997,1
91.0,73.599998,2
82.099998,103.8,2
76.599998,75.400002,2
67.900002,,2
88.5,90.800003,2
80.900002,98.199997,1
64.199997,32.0,1
86.400002,95.0,1
98.599998,62.400002,2
83.699997,,2
96.300003,89.199997,1
91.199997,117.2,2
87.800003,113.4,1
72.099998,,2
79.300003,100.4,2
87.599998,81.199997,2
76.800003,71.800003,2
72.699997,59.0,2
72.800003,79.199997,2
70.800003,65.599998,2
76.599998,104.4,1
79.199997,84.199997,2
97.599998,13.8,2
85.599998,10.6,2
88.099998,104.4,1
86.199997,,2
88.599998,93.800003,2
95.099998,99.599998,2
88.0,,2
89.900002,,2
84.699997,88.199997,2
95.699997,16.0,2
81.0,101.8,1
79.900002,90.800003,2
85.699997,93.400002,2
76.599998,104.2,1
75.099998,90.400002,1
91.099998,,2
84.800003,,2
95.5,63.400002,2
87.699997,96.800003,1
85.699997,,2
94.0,104.0,2
,,1
,,2
,,2
,,2
,,2
92.0,120.8,1
,,1
,,1
,,1
,,1
,,2
,,2
,,2
,,2
,,2
,,2
,,1
,,1
,,2
,,2
,,2
,,2
81.900002,94.0,1
98.300003,132.2,1
,,2
,,1
,,2
87.800003,,2
88.599998,84.860001,2
,,2
,,2
87.32,,2
76.900002,,2
75.260002,,2
,,2
75.459999,,2
83.440002,,2
81.279999,,2
79.699997,,2
100.46,,2
88.779999,,2
,,2
90.739998,99.060005,2
,,2
83.519997,,2
91.68,112.54,2
,,2
83.559998,,2
78.400002,,2
,,2
,,2
,,2
75.080002,,2
93.919998,93.520004,2
82.82,,2
87.120003,,2
83.739998,,2
95.099998,96.839996,2
86.82,,2
75.639999,,2
84.379997,,2
79.0,,2
87.059998,,2
97.360001,,2
89.120003,91.080002,2
82.959999,,2
,,2
94.879997,,2
84.199997,,2
75.800003,,2
96.860001,,2
87.540001,,2
92.199997,,2
87.080002,,2
90.440002,,2
73.699997,,2
,,2
78.120003,,2
83.160004,,2
85.959999,,2
,,2
99.779999,108.4,2
80.360001,,2
89.82,126.0,2
82.120003,,2
95.880005,136.0,2
105.36,138.0,2
86.020004,111.2,2
99.419998,134.8,2
92.639999,130.2,2
88.699997,124.6,2
110.4,144.2,2
108.6,131.2,2
114.1,146.0,2
105.9,145.2,2
89.959999,122.8,2
82.599998,,2
90.879997,132.39999,2
93.019997,131.8,2
86.200005,,2
105.46,139.8,2
84.040001,,2
116.82,153.60001,2
112.4,135.2,2
105.42,138.2,2
111.98,130.2,2
82.259995,,2
98.040001,138.0,2
106.9,132.39999,2
99.860001,131.2,2
115.88,124.2,2
98.519997,134.2,2
108.32,140.2,2
118.24,157.8,2
84.68,106.6,2
89.919998,101.0,2
99.860001,130.60001,2
94.519997,122.6,2
90.339996,115.2,2
98.080002,108.6,2
,,2
99.160004,122.4,2
106.9,135.8,2
88.220001,118.8,2
83.779999,,2
100.68,134.0,2
101.78,125.4,2
102.58,138.0,2
93.620003,139.8,2
90.239998,132.60001,2
102.76,131.0,2
83.440002,110.4,2
112.18,123.2,2
106.3,135.0,2
110.88,137.39999,2
84.540001,112.6,2
90.720001,136.39999,2
106.36,135.0,2
86.239998,112.8,2
95.040001,125.4,2
95.439995,130.2,2
89.839996,117.8,2
103.8,133.60001,2
106.96,136.0,2
,,2
115.88,128.2,2
84.959999,114.0,2
104.54,130.2,2
101.48,123.4,2
98.5,126.0,2
100.74001,126.4,2
98.0,125.0,2
96.599998,130.60001,2
